No,Username Komentator,Komentar,URL Profil Komentator,URL Postingan TikTok,Aspek Prediksi,Sentimen Prediksi,Kategori Masalah
1,@sudarsongaurifa,25m ga masuk logika 4 7,https://www.tiktok.com/@sudarsongaurifa,https://www.tiktok.com/@kumparan/video/7626011966401694997,Efektivitas dan Efisiensi,Negatif,"1. Pemborosan anggaran lain di luar mobil dinas (rumah dinas, toilet renovasi, pesawat/jet pribadi, dll)"
2,@novi_sopandi,bapak minta aja sekalian pesawat pribadi atau air jet pribadi semakin menyala anggaran nya 2 25,https://www.tiktok.com/@novi_sopandi,https://www.tiktok.com/@wglobalmedia/video/7610699657475329298,Efektivitas dan Efisiensi,Negatif,"1. Pemborosan anggaran lain di luar mobil dinas (rumah dinas, toilet renovasi, pesawat/jet pribadi, dll)"
3,@falih..03,mungkin anggaran buat vidio doang 300 miliyar hehhe 4 23,https://www.tiktok.com/@falih..03,https://www.tiktok.com/@ibarat_azra/video/7631776481781271826,Efektivitas dan Efisiensi,Negatif,"1. Pemborosan anggaran lain di luar mobil dinas (rumah dinas, toilet renovasi, pesawat/jet pribadi, dll)"
4,@polong_hijau,rumah dinas 25m lagi 4 22,https://www.tiktok.com/@polong_hijau,https://www.tiktok.com/@apasaja2825/video/7620377571229781269,Efektivitas dan Efisiensi,Negatif,"1. Pemborosan anggaran lain di luar mobil dinas (rumah dinas, toilet renovasi, pesawat/jet pribadi, dll)"
5,@jxaverious,toilet 3 m renovasi rumah 25 m mobil 8 5 m real raja kaltim 4 15,https://www.tiktok.com/@jxaverious,https://www.tiktok.com/@sentilin_indonesia/video/7613820353550306581,Efektivitas dan Efisiensi,Negatif,"1. Pemborosan anggaran lain di luar mobil dinas (rumah dinas, toilet renovasi, pesawat/jet pribadi, dll)"
6,@buldozer5038,beli mobil 8 5 m mau selesai masa jabatan di dum jadi milik pribadi 3 2,https://www.tiktok.com/@buldozer5038,https://www.tiktok.com/@the_amor70/video/7610666343985138951,Efektivitas dan Efisiensi,Negatif,2. Dugaan penyalahgunaan status kepemilikan aset dinas pasca masa jabatan
7,@adi_permadi,kan gratis kalo sdh tdk menjabat mobilnya lsng untuk dia kan semua begitu bupati wlikota dikalimantan mobil dinasnya paling rendah lc crk aja kalo tdk percya seluruh kalimantan walaupun jalan nya banyak yg rusak yg penting saingan mobil iyakan fakta 2 20,https://www.tiktok.com/@adi_permadi,https://www.tiktok.com/@mata_publik_/video/7608632050790239495,Efektivitas dan Efisiensi,Negatif,2. Dugaan penyalahgunaan status kepemilikan aset dinas pasca masa jabatan
8,@lutzs1_0,500 nya beli triton 8 nya benerin jalan tuh jalan 3 10,https://www.tiktok.com/@lutzs1_0,https://www.tiktok.com/@botakteras/video/7613416347250314517,Efektivitas dan Efisiensi,Negatif,3. Prioritas anggaran dinilai keliru: jalan/infrastruktur diabaikan demi mobil dinas mewah
9,@artful0_0,8 5 m benerin jalan tu bisa berkilo kilo meter 4 13,https://www.tiktok.com/@artful0_0,https://www.tiktok.com/@themis.law3/video/7612442626234633480,Efektivitas dan Efisiensi,Negatif,3. Prioritas anggaran dinilai keliru: jalan/infrastruktur diabaikan demi mobil dinas mewah
10,@orb_dark,8 5 m bisa buat perbaiki jalan dulu pak bukan mobilnya yg sesuaikan jalannya pakai mobil dinas yg lama dulu kalau memang betul2 mau mengabdi untuk masyarakat utamakan kepentingan rakyat apa yg dibutuhkan untuk bisa meningkatkan daerah kemampuan ekonomi masyarakat 2 26,https://www.tiktok.com/@orb_dark,https://www.tiktok.com/@lensanalarcom/video/7610698043981090068,Efektivitas dan Efisiensi,Negatif,3. Prioritas anggaran dinilai keliru: jalan/infrastruktur diabaikan demi mobil dinas mewah
11,@adi.putra5509,8 5 m dr pada beli mobil mewah jlnnya aja di benerin duit segitu cukup bwt perbaikan jln 2 26,https://www.tiktok.com/@adi.putra5509,https://www.tiktok.com/@kutai.dailynews/video/7609068555455253780,Efektivitas dan Efisiensi,Negatif,3. Prioritas anggaran dinilai keliru: jalan/infrastruktur diabaikan demi mobil dinas mewah
12,@jumadimadie5,8 5 m mah jang jalan bae di bemeran pak 3 3,https://www.tiktok.com/@jumadimadie5,https://www.tiktok.com/@suka.otom0tif/video/7612478466214104328,Efektivitas dan Efisiensi,Negatif,3. Prioritas anggaran dinilai keliru: jalan/infrastruktur diabaikan demi mobil dinas mewah
13,@aox27_,8 5 m mending belanja hotmix 3 29,https://www.tiktok.com/@aox27_,https://www.tiktok.com/@politikdotin/video/7612142044219231508,Efektivitas dan Efisiensi,Negatif,3. Prioritas anggaran dinilai keliru: jalan/infrastruktur diabaikan demi mobil dinas mewah
14,@jenal.abidin108,8 5 m padahal buat bangun jln 2 28,https://www.tiktok.com/@jenal.abidin108,https://www.tiktok.com/@aimambandung/video/7611327878239620372,Efektivitas dan Efisiensi,Negatif,3. Prioritas anggaran dinilai keliru: jalan/infrastruktur diabaikan demi mobil dinas mewah
15,@2k.vinzo,8 5 milyar bisa bangun jalan itu pak 2 25,https://www.tiktok.com/@2k.vinzo,https://www.tiktok.com/@lensanalarcom/video/7610698043981090068,Efektivitas dan Efisiensi,Negatif,3. Prioritas anggaran dinilai keliru: jalan/infrastruktur diabaikan demi mobil dinas mewah
16,@enipp70,8 5 milyar bs utk perbaikan jln pak 3 25,https://www.tiktok.com/@enipp70,https://www.tiktok.com/@f.405_/video/7612591026666048789,Efektivitas dan Efisiensi,Negatif,3. Prioritas anggaran dinilai keliru: jalan/infrastruktur diabaikan demi mobil dinas mewah
17,@anggajulian207,8 5m kalo pake buat nambal jalan lumayan tuh 3 5,https://www.tiktok.com/@anggajulian207,https://www.tiktok.com/@politikdotin/video/7612142044219231508,Efektivitas dan Efisiensi,Negatif,3. Prioritas anggaran dinilai keliru: jalan/infrastruktur diabaikan demi mobil dinas mewah
18,@mr.uloli,8 miliar untuk aspal berapa kilo 3 1,https://www.tiktok.com/@mr.uloli,https://www.tiktok.com/@detik.lebak/video/7612096372824608008,Efektivitas dan Efisiensi,Negatif,3. Prioritas anggaran dinilai keliru: jalan/infrastruktur diabaikan demi mobil dinas mewah
19,@ww.tiktok.com.bskara,ada sekitar tiga kilo yg sama sekali belum di sentuh oleh pemerintah jembatan belum ada jalan masih jalan setapak 2 28,https://www.tiktok.com/@ww.tiktok.com.bskara,https://www.tiktok.com/@aimambandung/video/7611327878239620372,Efektivitas dan Efisiensi,Negatif,3. Prioritas anggaran dinilai keliru: jalan/infrastruktur diabaikan demi mobil dinas mewah
20,@ahmad.gafin6,aduhh bukannya benerin jalan ya malah beli mobil yg harganya bisa benerin jalan 2 26,https://www.tiktok.com/@ahmad.gafin6,https://www.tiktok.com/@mata_publik_/video/7608632050790239495,Efektivitas dan Efisiensi,Negatif,3. Prioritas anggaran dinilai keliru: jalan/infrastruktur diabaikan demi mobil dinas mewah
21,@ir.edi..s,anda pribadi terbaik pak gub jalan terus pak gub sehat kii selalu 5 21,https://www.tiktok.com/@ir.edi..s,https://www.tiktok.com/@tripol.co/video/7642126377168293141,Efektivitas dan Efisiensi,Negatif,3. Prioritas anggaran dinilai keliru: jalan/infrastruktur diabaikan demi mobil dinas mewah
22,@riwifitriadi2,andai mobilnya bisa bicara gua ini mobil mewah looo bukan traktor kok di bawak ke lumpur 3 6,https://www.tiktok.com/@riwifitriadi2,https://www.tiktok.com/@politikdotin/video/7612142044219231508,Efektivitas dan Efisiensi,Negatif,3. Prioritas anggaran dinilai keliru: jalan/infrastruktur diabaikan demi mobil dinas mewah
23,@bglesmana6,apa hubungan nya dengan kemewahan kendaraan pak sesungguh nya marwah kaltim ekonomi rakyat nya meningkat jalan di kaltim bagus semua dan kesederhanaan pejabat nya itu marwah sesungguh nya 4 16,https://www.tiktok.com/@bglesmana6,https://www.tiktok.com/@ip.alphawolf/video/7629140462753926420,Efektivitas dan Efisiensi,Negatif,3. Prioritas anggaran dinilai keliru: jalan/infrastruktur diabaikan demi mobil dinas mewah
24,@satria53337,beli ford kan bsa 1m an yg gampang dijalan tanah 2 21,https://www.tiktok.com/@satria53337,https://www.tiktok.com/@mata_publik_/video/7608632050790239495,Efektivitas dan Efisiensi,Negatif,3. Prioritas anggaran dinilai keliru: jalan/infrastruktur diabaikan demi mobil dinas mewah
25,@ujngar01_,benerin jalan lah kocak malah beli mobil baru agak laen emng pemain satu ini 2 28,https://www.tiktok.com/@ujngar01_,https://www.tiktok.com/@arteranews.id/video/7611460664074390804,Efektivitas dan Efisiensi,Negatif,3. Prioritas anggaran dinilai keliru: jalan/infrastruktur diabaikan demi mobil dinas mewah
26,@muh._ilhaam,benerin jalannya pak bukan mengganti mobilnya akalnya di pake pak 2 26,https://www.tiktok.com/@muh._ilhaam,https://www.tiktok.com/@metropolitan.id/video/7610646870599175445,Efektivitas dan Efisiensi,Negatif,3. Prioritas anggaran dinilai keliru: jalan/infrastruktur diabaikan demi mobil dinas mewah
27,@imelkristin472,bilang aja mau fasilitas mewah walaupun jln msih bnyak yg rusak 4 16,https://www.tiktok.com/@imelkristin472,https://www.tiktok.com/@ip.alphawolf/video/7629140462753926420,Efektivitas dan Efisiensi,Negatif,3. Prioritas anggaran dinilai keliru: jalan/infrastruktur diabaikan demi mobil dinas mewah
28,@trichardo0,buat apa jalan bagus 2 28,https://www.tiktok.com/@trichardo0,https://www.tiktok.com/@arteranews.id/video/7611460664074390804,Efektivitas dan Efisiensi,Negatif,3. Prioritas anggaran dinilai keliru: jalan/infrastruktur diabaikan demi mobil dinas mewah
29,@ngaonggg_,bukan mikirin jalan didaerah malah mikirin mobil 3 21,https://www.tiktok.com/@ngaonggg_,https://www.tiktok.com/@wargawargi2025/video/7619281381293755669,Efektivitas dan Efisiensi,Negatif,3. Prioritas anggaran dinilai keliru: jalan/infrastruktur diabaikan demi mobil dinas mewah
30,@eka.yuliana161,bukan mobil yang di mahal mahalin boss ku tapi infrastruktur jalan yang di bagusin 3 3,https://www.tiktok.com/@eka.yuliana161,https://www.tiktok.com/@politikdotin/video/7612142044219231508,Efektivitas dan Efisiensi,Negatif,3. Prioritas anggaran dinilai keliru: jalan/infrastruktur diabaikan demi mobil dinas mewah
31,@fans.el.real0,bukan nya ditambal jalan nya tapi membeli mobil mahal 3 25,https://www.tiktok.com/@fans.el.real0,https://www.tiktok.com/@3halll/video/7611863206281137428,Efektivitas dan Efisiensi,Negatif,3. Prioritas anggaran dinilai keliru: jalan/infrastruktur diabaikan demi mobil dinas mewah
32,@ca780112,bukannya lebih baik anggaran mevvvah mobil utk bangun perbaiki jalan jalan ya 2 22,https://www.tiktok.com/@ca780112,https://www.tiktok.com/@mata_publik_/video/7608632050790239495,Efektivitas dan Efisiensi,Negatif,3. Prioritas anggaran dinilai keliru: jalan/infrastruktur diabaikan demi mobil dinas mewah
33,@maulanamalikkeren,buset duit segitu benerin jalan marmer bisa itu 3 25,https://www.tiktok.com/@maulanamalikkeren,https://www.tiktok.com/@3halll/video/7611863206281137428,Efektivitas dan Efisiensi,Negatif,3. Prioritas anggaran dinilai keliru: jalan/infrastruktur diabaikan demi mobil dinas mewah
34,@broooo545,cara pola pikirnya salah banget jakarta jalan sdh bagus seharusnya utamakan infrastruktur jalan dahulu 3 7,https://www.tiktok.com/@broooo545,https://www.tiktok.com/@sentilin_indonesia/video/7613820353550306581,Efektivitas dan Efisiensi,Negatif,3. Prioritas anggaran dinilai keliru: jalan/infrastruktur diabaikan demi mobil dinas mewah
35,@arul.0789,cerita macet jln propensi dibagusin 2 27,https://www.tiktok.com/@arul.0789,https://www.tiktok.com/@robi.plur/video/7611168030877322514,Efektivitas dan Efisiensi,Negatif,3. Prioritas anggaran dinilai keliru: jalan/infrastruktur diabaikan demi mobil dinas mewah
36,@aplikasicuangacor,coba pakai mobil sigra aja pak sisa nya buat benerin jalan 2 27,https://www.tiktok.com/@aplikasicuangacor,https://www.tiktok.com/@libra.pahing1/video/7611302313097153813,Efektivitas dan Efisiensi,Negatif,3. Prioritas anggaran dinilai keliru: jalan/infrastruktur diabaikan demi mobil dinas mewah
37,@e7.id,dari ban aja gak keliatan off road 3 4,https://www.tiktok.com/@e7.id,https://www.tiktok.com/@morrodin88/video/7611104729929747733,Efektivitas dan Efisiensi,Negatif,3. Prioritas anggaran dinilai keliru: jalan/infrastruktur diabaikan demi mobil dinas mewah
38,@aecs789,daripada beli tuh mobil mending benerin tuh jalan kalo mau beli pun lu beli ford raptor 1 5m dah bisa terabas medan itu 3 21,https://www.tiktok.com/@aecs789,https://www.tiktok.com/@suka.otom0tif/video/7612478466214104328,Efektivitas dan Efisiensi,Negatif,3. Prioritas anggaran dinilai keliru: jalan/infrastruktur diabaikan demi mobil dinas mewah
39,@tetehaniliyani,daripada buat mobilnya mending buat benerrin jalan nya x ya 3 6,https://www.tiktok.com/@tetehaniliyani,https://www.tiktok.com/@themis.law3/video/7612442626234633480,Efektivitas dan Efisiensi,Negatif,3. Prioritas anggaran dinilai keliru: jalan/infrastruktur diabaikan demi mobil dinas mewah
40,@1wanitahebat0,di jaman pak israk norr jln kutai timur bagus 4 23,https://www.tiktok.com/@1wanitahebat0,https://www.tiktok.com/@damarmart/video/7631483584649481479,Efektivitas dan Efisiensi,Negatif,3. Prioritas anggaran dinilai keliru: jalan/infrastruktur diabaikan demi mobil dinas mewah
41,@gumiwang58,dia itu berniat ngejadiin kaltim kayak jurassic park apa gimana masa jalanannya tanah kayak zaman purba 3 6,https://www.tiktok.com/@gumiwang58,https://www.tiktok.com/@sentilin_indonesia/video/7613820353550306581,Efektivitas dan Efisiensi,Negatif,3. Prioritas anggaran dinilai keliru: jalan/infrastruktur diabaikan demi mobil dinas mewah
42,@_xzx_8,dimana2 jalan rusak di perbaiki bukanya malah update mobil 2 25 71 4k,https://www.tiktok.com/@_xzx_8,https://www.tiktok.com/@metropolitan.id/video/7610646870599175445,Efektivitas dan Efisiensi,Negatif,3. Prioritas anggaran dinilai keliru: jalan/infrastruktur diabaikan demi mobil dinas mewah
43,@yahooyay08,duhhhh pak gub semoga semua sarana prasarana infrastruktur kaltim telah disediakan dibangun dengan baik untuk meningkatkan perekonomian dan kesejateraan ada standarisasi spek dan harga kendaraan estimasi rata2 harga mobil dinas menteri 1 5 m 2 26,https://www.tiktok.com/@yahooyay08,https://www.tiktok.com/@morrodin88/video/7611104729929747733,Efektivitas dan Efisiensi,Negatif,3. Prioritas anggaran dinilai keliru: jalan/infrastruktur diabaikan demi mobil dinas mewah
44,@elbaf_loki,emg jalan rusak gamalu 4 17,https://www.tiktok.com/@elbaf_loki,https://www.tiktok.com/@ip.alphawolf/video/7629140462753926420,Efektivitas dan Efisiensi,Negatif,3. Prioritas anggaran dinilai keliru: jalan/infrastruktur diabaikan demi mobil dinas mewah
45,@imelrudynst,gaya istri gubernur elit jalan nya sulit 3 5,https://www.tiktok.com/@imelrudynst,https://www.tiktok.com/@ummu.3.anak/video/7613157935157464340,Efektivitas dan Efisiensi,Negatif,3. Prioritas anggaran dinilai keliru: jalan/infrastruktur diabaikan demi mobil dinas mewah
46,@mas.ganteng.13,gayang elite jalan sulit dibenerin 3 6,https://www.tiktok.com/@mas.ganteng.13,https://www.tiktok.com/@ummu.3.anak/video/7613157935157464340,Efektivitas dan Efisiensi,Negatif,3. Prioritas anggaran dinilai keliru: jalan/infrastruktur diabaikan demi mobil dinas mewah
47,@wahyu_mxking2,gk butuh mobil dinas yang bgus yang kita semunya butuh kn itu jln yng bgus aku anak kaltim malu 3 7,https://www.tiktok.com/@wahyu_mxking2,https://www.tiktok.com/@ummu.3.anak/video/7613157935157464340,Efektivitas dan Efisiensi,Negatif,3. Prioritas anggaran dinilai keliru: jalan/infrastruktur diabaikan demi mobil dinas mewah
48,@irwannedabang,gpp pake kijang tapi semua jalan bagus masyarakat gak ngelu soal jln itu bru org akui 3 7,https://www.tiktok.com/@irwannedabang,https://www.tiktok.com/@robi.plur/video/7611168030877322514,Efektivitas dan Efisiensi,Negatif,3. Prioritas anggaran dinilai keliru: jalan/infrastruktur diabaikan demi mobil dinas mewah
49,@adam.rizkiyan,harusnya jalan yg di perbaiki bukan mobil yg wah 3 3,https://www.tiktok.com/@adam.rizkiyan,https://www.tiktok.com/@politikdotin/video/7612142044219231508,Efektivitas dan Efisiensi,Negatif,3. Prioritas anggaran dinilai keliru: jalan/infrastruktur diabaikan demi mobil dinas mewah
50,@dstnbrgf,harusnya jalanya yang di perbagus bukan mobilnya 3 15,https://www.tiktok.com/@dstnbrgf,https://www.tiktok.com/@suka.otom0tif/video/7612478466214104328,Efektivitas dan Efisiensi,Negatif,3. Prioritas anggaran dinilai keliru: jalan/infrastruktur diabaikan demi mobil dinas mewah
51,@kodokjail,harusnya kan jalan yg diperbaiki biar tamunya akses gampang 2 27,https://www.tiktok.com/@kodokjail,https://www.tiktok.com/@robi.plur/video/7611168030877322514,Efektivitas dan Efisiensi,Negatif,3. Prioritas anggaran dinilai keliru: jalan/infrastruktur diabaikan demi mobil dinas mewah
52,@andriastutimuria3,hoooyyy itu uang rakyat lebih baik untuk memperbaiki jalan jembatan yang bermanfa at untuk rakyatnya 3 1,https://www.tiktok.com/@andriastutimuria3,https://www.tiktok.com/@beritaenamdua/video/7612139610507873557,Efektivitas dan Efisiensi,Negatif,3. Prioritas anggaran dinilai keliru: jalan/infrastruktur diabaikan demi mobil dinas mewah
53,@tanyaaja555,ingat jangan sampe logikanya ikut masuk ke logika teman2 mahasiswa ya jalannya bnerin bukan mobilnya d bagusin emang yg jalan mobil dia doang para pencari nafkah loh 3 7,https://www.tiktok.com/@tanyaaja555,https://www.tiktok.com/@robi.plur/video/7611168030877322514,Efektivitas dan Efisiensi,Negatif,3. Prioritas anggaran dinilai keliru: jalan/infrastruktur diabaikan demi mobil dinas mewah
54,@pasoepati69,ini lucu juga seharusnya jalanya di perbaiki kalau jalan bagus pake mobil grenmax ajah terasa pake perari,https://www.tiktok.com/@pasoepati69,https://www.tiktok.com/@beritakukar/video/7612310183590530324,Efektivitas dan Efisiensi,Negatif,3. Prioritas anggaran dinilai keliru: jalan/infrastruktur diabaikan demi mobil dinas mewah
55,@m.ilham.entong,itu kata saya buyan percuma itu kan jalan yah yang rusak jadi di perbaikin lah 3 25,https://www.tiktok.com/@m.ilham.entong,https://www.tiktok.com/@3halll/video/7611863206281137428,Efektivitas dan Efisiensi,Negatif,3. Prioritas anggaran dinilai keliru: jalan/infrastruktur diabaikan demi mobil dinas mewah
56,@jangan.perna.bosan,iya btul itu pak masa gubernur kaltim mobil ya jelek jaaaaangan dooong lebih baik jalan2 di kaltim aja yang jelak dan rusak kalo mobil harus bagus 2 25,https://www.tiktok.com/@jangan.perna.bosan,https://www.tiktok.com/@metropolitan.id/video/7610646870599175445,Efektivitas dan Efisiensi,Negatif,3. Prioritas anggaran dinilai keliru: jalan/infrastruktur diabaikan demi mobil dinas mewah
57,@udinjaya464,iyaaa gk jalan nya aja di benarin 3 20,https://www.tiktok.com/@udinjaya464,https://www.tiktok.com/@suka.otom0tif/video/7612478466214104328,Efektivitas dan Efisiensi,Negatif,3. Prioritas anggaran dinilai keliru: jalan/infrastruktur diabaikan demi mobil dinas mewah
58,@wongtsugie2,jadi mobil 8 5m lebih penting ketimbang mengaspal akses jalan yg rusak 3 2,https://www.tiktok.com/@wongtsugie2,https://www.tiktok.com/@beritakukar/video/7612310183590530324,Efektivitas dan Efisiensi,Negatif,3. Prioritas anggaran dinilai keliru: jalan/infrastruktur diabaikan demi mobil dinas mewah
59,@punyamasaq23,jalan donk perbaiki 3 2,https://www.tiktok.com/@punyamasaq23,https://www.tiktok.com/@sigit_sugiana/video/7612287428258237704,Efektivitas dan Efisiensi,Negatif,3. Prioritas anggaran dinilai keliru: jalan/infrastruktur diabaikan demi mobil dinas mewah
60,@jefriastaganaga,jalan ga di benerin nyalahin presiden padahal gubernur nya sendiri yng ga bener 3 21 10 9k,https://www.tiktok.com/@jefriastaganaga,https://www.tiktok.com/@wargawargi2025/video/7619281381293755669,Efektivitas dan Efisiensi,Negatif,3. Prioritas anggaran dinilai keliru: jalan/infrastruktur diabaikan demi mobil dinas mewah
61,@userblackhole0,jalan jalan kabupaten saja masih lumpur 4 1,https://www.tiktok.com/@userblackhole0,https://www.tiktok.com/@keadilanfiktif/video/7615447599402798357,Efektivitas dan Efisiensi,Negatif,3. Prioritas anggaran dinilai keliru: jalan/infrastruktur diabaikan demi mobil dinas mewah
62,@libraa_93.0,jalan kaltim kapan di baikin pak 4 17,https://www.tiktok.com/@libraa_93.0,https://www.tiktok.com/@ip.alphawolf/video/7629140462753926420,Efektivitas dan Efisiensi,Negatif,3. Prioritas anggaran dinilai keliru: jalan/infrastruktur diabaikan demi mobil dinas mewah
63,@doxa43,jalan kaltim rusak pake mobil mall 2 27,https://www.tiktok.com/@doxa43,https://www.tiktok.com/@libra.pahing1/video/7611302313097153813,Efektivitas dan Efisiensi,Negatif,3. Prioritas anggaran dinilai keliru: jalan/infrastruktur diabaikan demi mobil dinas mewah
64,@user364521719,jalan nya ancur tub 3 1,https://www.tiktok.com/@user364521719,https://www.tiktok.com/@beritaenamdua/video/7612139610507873557,Efektivitas dan Efisiensi,Negatif,3. Prioritas anggaran dinilai keliru: jalan/infrastruktur diabaikan demi mobil dinas mewah
65,@erwinpurnama885,jalan nya di perbaiki biar bisa make avanza 4 7,https://www.tiktok.com/@erwinpurnama885,https://www.tiktok.com/@suka.otom0tif/video/7612478466214104328,Efektivitas dan Efisiensi,Negatif,3. Prioritas anggaran dinilai keliru: jalan/infrastruktur diabaikan demi mobil dinas mewah
66,@aisyahsyifahdavina,jalan nya di perbaiki ketua bkn mobil nya di mewahin pajero atau fortuner aja di tambang dngan jalan licin atau extream aja lolos aja alhamdullilah masa iya jembatan putus mau ke seberang hrus beli mobil terbang dlu perbaiki jembatan nya 2 23,https://www.tiktok.com/@aisyahsyifahdavina,https://www.tiktok.com/@klikkaltim_/video/7610061418548808967,Efektivitas dan Efisiensi,Negatif,3. Prioritas anggaran dinilai keliru: jalan/infrastruktur diabaikan demi mobil dinas mewah
67,@ahmad.maulana2864,jalan nya yang di bagusin bukan mobil ny yang di bagusin ngak ada bagus bagus nya jadi pemimpin 3 9,https://www.tiktok.com/@ahmad.maulana2864,https://www.tiktok.com/@suka.otom0tif/video/7612478466214104328,Efektivitas dan Efisiensi,Negatif,3. Prioritas anggaran dinilai keliru: jalan/infrastruktur diabaikan demi mobil dinas mewah
68,@pujharani25,jalan tuh benerin dulu harus nya biar sesuai sama mobil 3 1,https://www.tiktok.com/@pujharani25,https://www.tiktok.com/@robi.plur/video/7611168030877322514,Efektivitas dan Efisiensi,Negatif,3. Prioritas anggaran dinilai keliru: jalan/infrastruktur diabaikan demi mobil dinas mewah
69,@ahmad.sayid.abdul7,jalanan aja yang di perbaiki masih ada kembalian 3 26,https://www.tiktok.com/@ahmad.sayid.abdul7,https://www.tiktok.com/@3halll/video/7611863206281137428,Efektivitas dan Efisiensi,Negatif,3. Prioritas anggaran dinilai keliru: jalan/infrastruktur diabaikan demi mobil dinas mewah
70,@renis_2410,jalanan rusak beli mobil baru 2 23,https://www.tiktok.com/@renis_2410,https://www.tiktok.com/@mata_publik_/video/7608632050790239495,Efektivitas dan Efisiensi,Negatif,3. Prioritas anggaran dinilai keliru: jalan/infrastruktur diabaikan demi mobil dinas mewah
71,@gassecond,jalanmu perbaiki wahai gubernur oon 3 5,https://www.tiktok.com/@gassecond,https://www.tiktok.com/@kompastv_jateng/video/7613321888445615381,Efektivitas dan Efisiensi,Negatif,3. Prioritas anggaran dinilai keliru: jalan/infrastruktur diabaikan demi mobil dinas mewah
72,@samsung.indo402,jalannya bos perbaiki bukan beli mobil mewahh 3 20,https://www.tiktok.com/@samsung.indo402,https://www.tiktok.com/@sahambijak0/video/7611953329421421845,Efektivitas dan Efisiensi,Negatif,3. Prioritas anggaran dinilai keliru: jalan/infrastruktur diabaikan demi mobil dinas mewah
73,@azim.aiman0,jalannya cok yg di benerin bukan kendaraannya lol 3 22,https://www.tiktok.com/@azim.aiman0,https://www.tiktok.com/@suka.otom0tif/video/7612478466214104328,Efektivitas dan Efisiensi,Negatif,3. Prioritas anggaran dinilai keliru: jalan/infrastruktur diabaikan demi mobil dinas mewah
74,@amsprochannel,jalannya di benerin bukan mobil y ganti yg mewah 2 28,https://www.tiktok.com/@amsprochannel,https://www.tiktok.com/@mata_publik_/video/7608632050790239495,Efektivitas dan Efisiensi,Negatif,3. Prioritas anggaran dinilai keliru: jalan/infrastruktur diabaikan demi mobil dinas mewah
75,@susi.afifah5,jalannya pak benerin bukan mobil mu tuh yg mahal jalannya amburadul 2 26,https://www.tiktok.com/@susi.afifah5,https://www.tiktok.com/@lensanalarcom/video/7610698043981090068,Efektivitas dan Efisiensi,Negatif,3. Prioritas anggaran dinilai keliru: jalan/infrastruktur diabaikan demi mobil dinas mewah
76,@lifeian,jalannya yang harus dibagusin bukan malah mobilnya yang diganti bagus 2 21,https://www.tiktok.com/@lifeian,https://www.tiktok.com/@mata_publik_/video/7608632050790239495,Efektivitas dan Efisiensi,Negatif,3. Prioritas anggaran dinilai keliru: jalan/infrastruktur diabaikan demi mobil dinas mewah
77,@arifsasono88,jalannya yg di perbaikin bukan mbil nyaa 3 3,https://www.tiktok.com/@arifsasono88,https://www.tiktok.com/@politikdotin/video/7612142044219231508,Efektivitas dan Efisiensi,Negatif,3. Prioritas anggaran dinilai keliru: jalan/infrastruktur diabaikan demi mobil dinas mewah
78,@kekedavodka,jalannya yg dibangun bukan mobilnya yg bagus klau jalan nya bagus mobil ayla juga nyaman jalan di situ pakkkk 4 23,https://www.tiktok.com/@kekedavodka,https://www.tiktok.com/@suka.otom0tif/video/7612478466214104328,Efektivitas dan Efisiensi,Negatif,3. Prioritas anggaran dinilai keliru: jalan/infrastruktur diabaikan demi mobil dinas mewah
79,@renti_d,jalanya dibenarin 3 3,https://www.tiktok.com/@renti_d,https://www.tiktok.com/@suka.otom0tif/video/7612478466214104328,Efektivitas dan Efisiensi,Negatif,3. Prioritas anggaran dinilai keliru: jalan/infrastruktur diabaikan demi mobil dinas mewah
80,@ardhinatan17,jalanya pak yg dibenerin 3 3,https://www.tiktok.com/@ardhinatan17,https://www.tiktok.com/@suka.otom0tif/video/7612478466214104328,Efektivitas dan Efisiensi,Negatif,3. Prioritas anggaran dinilai keliru: jalan/infrastruktur diabaikan demi mobil dinas mewah
81,@jieeeeebon,jangan mikirin mobil dulu pak jalan aja benerin 4 18,https://www.tiktok.com/@jieeeeebon,https://www.tiktok.com/@ip.alphawolf/video/7629140462753926420,Efektivitas dan Efisiensi,Negatif,3. Prioritas anggaran dinilai keliru: jalan/infrastruktur diabaikan demi mobil dinas mewah
82,@indra.prtama7,jangan saya suruh pake jalan kaki 2 27,https://www.tiktok.com/@indra.prtama7,https://www.tiktok.com/@robi.plur/video/7611168030877322514,Efektivitas dan Efisiensi,Negatif,3. Prioritas anggaran dinilai keliru: jalan/infrastruktur diabaikan demi mobil dinas mewah
83,@afni.al.randi,jln aj blm di benerin 2 26,https://www.tiktok.com/@afni.al.randi,https://www.tiktok.com/@ashepsayfullq/video/7608021220088433936,Efektivitas dan Efisiensi,Negatif,3. Prioritas anggaran dinilai keliru: jalan/infrastruktur diabaikan demi mobil dinas mewah
84,@masndung07,jln dlu pak di perbaiki klo masalah mobil gampang katakn rental dlu panjero lah klo mau nijau capek deh 3 12,https://www.tiktok.com/@masndung07,https://www.tiktok.com/@f.405_/video/7612591026666048789,Efektivitas dan Efisiensi,Negatif,3. Prioritas anggaran dinilai keliru: jalan/infrastruktur diabaikan demi mobil dinas mewah
85,@lindaibrahim06,jln yg rusak parah itu hrs cpt di perbaiki itu yg penting 4 16,https://www.tiktok.com/@lindaibrahim06,https://www.tiktok.com/@ip.alphawolf/video/7629140462753926420,Efektivitas dan Efisiensi,Negatif,3. Prioritas anggaran dinilai keliru: jalan/infrastruktur diabaikan demi mobil dinas mewah
86,@user73074763374883,kalau beli mobil harga 8 5 m kan gampang prosesnya kalau perbaiki jalan menggunakan dana segitu hanya dapat 2 km saja 3 2,https://www.tiktok.com/@user73074763374883,https://www.tiktok.com/@sigit_sugiana/video/7612287428258237704,Efektivitas dan Efisiensi,Negatif,3. Prioritas anggaran dinilai keliru: jalan/infrastruktur diabaikan demi mobil dinas mewah
87,@damarwulan2450,kalau mau ngangkat marwah masyrkat kaltim jalannya di benerin masyarakat nya di sejahterkn begitu bos bukan mobil dinas mu saja yg yg di mewahin 3 3,https://www.tiktok.com/@damarwulan2450,https://www.tiktok.com/@f.405_/video/7612591026666048789,Efektivitas dan Efisiensi,Negatif,3. Prioritas anggaran dinilai keliru: jalan/infrastruktur diabaikan demi mobil dinas mewah
88,@qadrie38,kalau saya jadi gerbur pasti saya betulkan jalan dri pada beli mobil mewah pakai mobil avzra cukup la 3 7,https://www.tiktok.com/@qadrie38,https://www.tiktok.com/@f.405_/video/7612591026666048789,Efektivitas dan Efisiensi,Negatif,3. Prioritas anggaran dinilai keliru: jalan/infrastruktur diabaikan demi mobil dinas mewah
89,@bunda.tegas,kalau takut daerahnya kelihatan miskin perbaiki dulu jalannya 3 7,https://www.tiktok.com/@bunda.tegas,https://www.tiktok.com/@tikuskokberdasi/video/7613343929244618005,Efektivitas dan Efisiensi,Negatif,3. Prioritas anggaran dinilai keliru: jalan/infrastruktur diabaikan demi mobil dinas mewah
90,@sucipto494,kalimantan bnyak jln yg rusak parah 3 1,https://www.tiktok.com/@sucipto494,https://www.tiktok.com/@the_amor70/video/7610666343985138951,Efektivitas dan Efisiensi,Negatif,3. Prioritas anggaran dinilai keliru: jalan/infrastruktur diabaikan demi mobil dinas mewah
91,@nando_pleengerr,kalo jalan ancur ya di baikin bukan beli mobil 4 23,https://www.tiktok.com/@nando_pleengerr,https://www.tiktok.com/@ibarat_azra/video/7631776481781271826,Efektivitas dan Efisiensi,Negatif,3. Prioritas anggaran dinilai keliru: jalan/infrastruktur diabaikan demi mobil dinas mewah
92,@uji.coba.ke.100,kalo kata gw mah anggaran segitu mah betulin jalan bukan malah beli mobil 8 5 m 2 28,https://www.tiktok.com/@uji.coba.ke.100,https://www.tiktok.com/@3halll/video/7611863206281137428,Efektivitas dan Efisiensi,Negatif,3. Prioritas anggaran dinilai keliru: jalan/infrastruktur diabaikan demi mobil dinas mewah
93,@kumatul,kalo medan jalan nya rusak yg di bangun yaa jalan nya bkn beli mobil nya 2 25,https://www.tiktok.com/@kumatul,https://www.tiktok.com/@ashepsayfullq/video/7608021220088433936,Efektivitas dan Efisiensi,Negatif,3. Prioritas anggaran dinilai keliru: jalan/infrastruktur diabaikan demi mobil dinas mewah
94,@bengkelcustomcirebontimu,kalo punya anggaran sgtu masa buat perbaiki jalan gada pak 4 22,https://www.tiktok.com/@bengkelcustomcirebontimu,https://www.tiktok.com/@prabsri1/video/7631102459582336277,Efektivitas dan Efisiensi,Negatif,3. Prioritas anggaran dinilai keliru: jalan/infrastruktur diabaikan demi mobil dinas mewah
95,@tgs_artha89,kenapa gak perbaiki jalannya aja ya 4 22,https://www.tiktok.com/@tgs_artha89,https://www.tiktok.com/@apasaja2825/video/7620377571229781269,Efektivitas dan Efisiensi,Negatif,3. Prioritas anggaran dinilai keliru: jalan/infrastruktur diabaikan demi mobil dinas mewah
96,@ahmadmughofar,kijang kalau jalannya bagus juga enak 3 1,https://www.tiktok.com/@ahmadmughofar,https://www.tiktok.com/@robi.plur/video/7611168030877322514,Efektivitas dan Efisiensi,Negatif,3. Prioritas anggaran dinilai keliru: jalan/infrastruktur diabaikan demi mobil dinas mewah
97,@chandrah76,klo bisa marwah jalan egk apa yg penting gaya mobil dinas nya 3 25,https://www.tiktok.com/@chandrah76,https://www.tiktok.com/@f.405_/video/7612591026666048789,Efektivitas dan Efisiensi,Negatif,3. Prioritas anggaran dinilai keliru: jalan/infrastruktur diabaikan demi mobil dinas mewah
98,@ekothegell,klo untuk medan berat harusnya beli double cabbin sprti strada offroad itu yg khusus medan berat 2 27,https://www.tiktok.com/@ekothegell,https://www.tiktok.com/@aimambandung/video/7611327878239620372,Efektivitas dan Efisiensi,Negatif,3. Prioritas anggaran dinilai keliru: jalan/infrastruktur diabaikan demi mobil dinas mewah
99,@joniornuryusuf,klu beli mobil semahal tu lebih baik bagusin tu jalan 2 25,https://www.tiktok.com/@joniornuryusuf,https://www.tiktok.com/@mata_publik_/video/7608632050790239495,Efektivitas dan Efisiensi,Negatif,3. Prioritas anggaran dinilai keliru: jalan/infrastruktur diabaikan demi mobil dinas mewah
100,@dexter.xixixi,knp gak jalan nya aja yang di bnerin 3 3,https://www.tiktok.com/@dexter.xixixi,https://www.tiktok.com/@suka.otom0tif/video/7612478466214104328,Efektivitas dan Efisiensi,Negatif,3. Prioritas anggaran dinilai keliru: jalan/infrastruktur diabaikan demi mobil dinas mewah
101,@warni.com123,knpa gk jalan a aja yg di perbaiki 2 27,https://www.tiktok.com/@warni.com123,https://www.tiktok.com/@libra.pahing1/video/7611302313097153813,Efektivitas dan Efisiensi,Negatif,3. Prioritas anggaran dinilai keliru: jalan/infrastruktur diabaikan demi mobil dinas mewah
102,@d14nberau,ktua dprd anda itu wakil rakyat liat rakyat anda klau mobil tdak kuat smpai teduduk jalannya ksih bgus bukan bli mobil mhal 5 5,https://www.tiktok.com/@d14nberau,https://www.tiktok.com/@balikpapantv_official/video/7612479352479026453,Efektivitas dan Efisiensi,Negatif,3. Prioritas anggaran dinilai keliru: jalan/infrastruktur diabaikan demi mobil dinas mewah
103,@ham0724,lamis lamis menjaga marwah itu bgmn mensejahterakan rakyatnya memperbaiki infrastruktur yang baik 3 1,https://www.tiktok.com/@ham0724,https://www.tiktok.com/@beritaenamdua/video/7612139610507873557,Efektivitas dan Efisiensi,Negatif,3. Prioritas anggaran dinilai keliru: jalan/infrastruktur diabaikan demi mobil dinas mewah
104,@aileen.550,logika pejabat jalan rusak bukannya diperbaiki malah beli mobil biar bisa lewat di jalan rusak 2 26,https://www.tiktok.com/@aileen.550,https://www.tiktok.com/@aryo.g1/video/7611001576907427090,Efektivitas dan Efisiensi,Negatif,3. Prioritas anggaran dinilai keliru: jalan/infrastruktur diabaikan demi mobil dinas mewah
105,@feriferdiansyah1987,logikanya harusnya jalan dlu di benerin baru beli mobil bapak anti mainstream pak beda dr yg lain mungkin si bapak nya pengen coba jalan off road 3 7,https://www.tiktok.com/@feriferdiansyah1987,https://www.tiktok.com/@tikuskokberdasi/video/7613343929244618005,Efektivitas dan Efisiensi,Negatif,3. Prioritas anggaran dinilai keliru: jalan/infrastruktur diabaikan demi mobil dinas mewah
106,@ahmad.lestari2,lucu ya klo lihat pejabat jaman skrg bukan jln nya yang diperbaiki malah mobil dinasnya yang dimahalin 3 3,https://www.tiktok.com/@ahmad.lestari2,https://www.tiktok.com/@politikdotin/video/7612142044219231508,Efektivitas dan Efisiensi,Negatif,3. Prioritas anggaran dinilai keliru: jalan/infrastruktur diabaikan demi mobil dinas mewah
107,@aski.slto2,malu sama jawa barat jalan dah di benerin walaupun belum 100 3 6,https://www.tiktok.com/@aski.slto2,https://www.tiktok.com/@tikuskokberdasi/video/7613343929244618005,Efektivitas dan Efisiensi,Negatif,3. Prioritas anggaran dinilai keliru: jalan/infrastruktur diabaikan demi mobil dinas mewah
108,@acengtea030,marwah jalan benrin 3 6,https://www.tiktok.com/@acengtea030,https://www.tiktok.com/@ummu.3.anak/video/7613157935157464340,Efektivitas dan Efisiensi,Negatif,3. Prioritas anggaran dinilai keliru: jalan/infrastruktur diabaikan demi mobil dinas mewah
109,@drsonodarno,marwah jalan lumpur 3 6,https://www.tiktok.com/@drsonodarno,https://www.tiktok.com/@ummu.3.anak/video/7613157935157464340,Efektivitas dan Efisiensi,Negatif,3. Prioritas anggaran dinilai keliru: jalan/infrastruktur diabaikan demi mobil dinas mewah
110,@joker4343567,marwah kaltim jalan hampir jadi sawah 3 7,https://www.tiktok.com/@joker4343567,https://www.tiktok.com/@ummu.3.anak/video/7613157935157464340,Efektivitas dan Efisiensi,Negatif,3. Prioritas anggaran dinilai keliru: jalan/infrastruktur diabaikan demi mobil dinas mewah
111,@igris210,marwah kaltim mobil mewah tapi jalan banyak rusak dimana letak titik marwahnya 4 17,https://www.tiktok.com/@igris210,https://www.tiktok.com/@ip.alphawolf/video/7629140462753926420,Efektivitas dan Efisiensi,Negatif,3. Prioritas anggaran dinilai keliru: jalan/infrastruktur diabaikan demi mobil dinas mewah
112,@kingawurpermana,marwah kok di mobil di jalanan pak 3 2,https://www.tiktok.com/@kingawurpermana,https://www.tiktok.com/@lensanalarcom/video/7610698043981090068,Efektivitas dan Efisiensi,Negatif,3. Prioritas anggaran dinilai keliru: jalan/infrastruktur diabaikan demi mobil dinas mewah
113,@rachmat2084,marwah masyarakat kaltim jalan berlumpur tah pak gubernur rudi 5 1,https://www.tiktok.com/@rachmat2084,https://www.tiktok.com/@asbo.titha/video/7632508094207085842,Efektivitas dan Efisiensi,Negatif,3. Prioritas anggaran dinilai keliru: jalan/infrastruktur diabaikan demi mobil dinas mewah
114,@unyilsyalala,marwah nya jalan di alusin pak 2 25,https://www.tiktok.com/@unyilsyalala,https://www.tiktok.com/@wakandatalks_id/video/7610767646996368661,Efektivitas dan Efisiensi,Negatif,3. Prioritas anggaran dinilai keliru: jalan/infrastruktur diabaikan demi mobil dinas mewah
115,@ahmadhanif171,marwah nya jalan nya di biarin aja wk 2 27,https://www.tiktok.com/@ahmadhanif171,https://www.tiktok.com/@balikpapan.aerial/video/7611418293752253703,Efektivitas dan Efisiensi,Negatif,3. Prioritas anggaran dinilai keliru: jalan/infrastruktur diabaikan demi mobil dinas mewah
116,@blie235,marwahnya kaltim jalan masih tanah 3 6,https://www.tiktok.com/@blie235,https://www.tiktok.com/@ummu.3.anak/video/7613157935157464340,Efektivitas dan Efisiensi,Negatif,3. Prioritas anggaran dinilai keliru: jalan/infrastruktur diabaikan demi mobil dinas mewah
117,@dwardana86,masa iya jalannya ga di perbaiki jaga donk marwahnya 4 26,https://www.tiktok.com/@dwardana86,https://www.tiktok.com/@ip.alphawolf/video/7629140462753926420,Efektivitas dan Efisiensi,Negatif,3. Prioritas anggaran dinilai keliru: jalan/infrastruktur diabaikan demi mobil dinas mewah
118,@jenal.abidin108,masa iya jalannya kaya gitu masih lumpur ini 2026 bos bukan taun 1975 3 5,https://www.tiktok.com/@jenal.abidin108,https://www.tiktok.com/@ummu.3.anak/video/7613157935157464340,Efektivitas dan Efisiensi,Negatif,3. Prioritas anggaran dinilai keliru: jalan/infrastruktur diabaikan demi mobil dinas mewah
119,@febryaffandy,masa iya jalannya rusak pak 3 3,https://www.tiktok.com/@febryaffandy,https://www.tiktok.com/@libra.pahing1/video/7611302313097153813,Efektivitas dan Efisiensi,Negatif,3. Prioritas anggaran dinilai keliru: jalan/infrastruktur diabaikan demi mobil dinas mewah
120,@caddd18,masa rakyatnya di kasih jalan ala kadarnya jgn dongggg 2 25 150 2k,https://www.tiktok.com/@caddd18,https://www.tiktok.com/@metropolitan.id/video/7610646870599175445,Efektivitas dan Efisiensi,Negatif,3. Prioritas anggaran dinilai keliru: jalan/infrastruktur diabaikan demi mobil dinas mewah
121,@sandira.pasaribu,masaaa iya mobilnya 8 5m jalannya rusak jangannn dongg jaga marwah mobil nya 4 23,https://www.tiktok.com/@sandira.pasaribu,https://www.tiktok.com/@themis.law3/video/7612442626234633480,Efektivitas dan Efisiensi,Negatif,3. Prioritas anggaran dinilai keliru: jalan/infrastruktur diabaikan demi mobil dinas mewah
122,@tiktokerkece7,medannya berat karena ga bangun jalannya makanya makin banyak lumpur 4 12,https://www.tiktok.com/@tiktokerkece7,https://www.tiktok.com/@beritakukar/video/7612310183590530324,Efektivitas dan Efisiensi,Negatif,3. Prioritas anggaran dinilai keliru: jalan/infrastruktur diabaikan demi mobil dinas mewah
123,@tehpucukharum571,mending gubernur gue ladang ngonten pake benerin jalan 3 20,https://www.tiktok.com/@tehpucukharum571,https://www.tiktok.com/@detik.lebak/video/7612096372824608008,Efektivitas dan Efisiensi,Negatif,3. Prioritas anggaran dinilai keliru: jalan/infrastruktur diabaikan demi mobil dinas mewah
124,@ubur.ubur.ikan.le62,mendingan ases jalannya saja di perbaiki 4 25,https://www.tiktok.com/@ubur.ubur.ikan.le62,https://www.tiktok.com/@beritakukar/video/7612310183590530324,Efektivitas dan Efisiensi,Negatif,3. Prioritas anggaran dinilai keliru: jalan/infrastruktur diabaikan demi mobil dinas mewah
125,@im_rudd,minimal benerin jalan dulu heran guehhh 3 7,https://www.tiktok.com/@im_rudd,https://www.tiktok.com/@sentilin_indonesia/video/7613820353550306581,Efektivitas dan Efisiensi,Negatif,3. Prioritas anggaran dinilai keliru: jalan/infrastruktur diabaikan demi mobil dinas mewah
126,@farrelism1,misalnya ni kalau ada orang melintasi suatu daerah itu yang pertama dilihat atau dirasakan ya keadaan jalan bukan seberapa kayanya kepala daerah kalau jalan nya baguss otomatis lngsung keinget sama siapa pimpinan daerahny 3 2,https://www.tiktok.com/@farrelism1,https://www.tiktok.com/@robi.plur/video/7611168030877322514,Efektivitas dan Efisiensi,Negatif,3. Prioritas anggaran dinilai keliru: jalan/infrastruktur diabaikan demi mobil dinas mewah
127,@myst_xr,mmg terlalu berlebihan pembelian mobil yg mahal mengingat infrastruktur msh amboradul 3 12,https://www.tiktok.com/@myst_xr,https://www.tiktok.com/@keadilanfiktif/video/7615447599402798357,Efektivitas dan Efisiensi,Negatif,3. Prioritas anggaran dinilai keliru: jalan/infrastruktur diabaikan demi mobil dinas mewah
128,@user_nada.a.s_17,mobil 8 5 gak mampu liwatin jalan berlumpur 3 8,https://www.tiktok.com/@user_nada.a.s_17,https://www.tiktok.com/@politikdotin/video/7612142044219231508,Efektivitas dan Efisiensi,Negatif,3. Prioritas anggaran dinilai keliru: jalan/infrastruktur diabaikan demi mobil dinas mewah
129,@generalkontraktor1,mobil a range rover autobiography 8 5 m coba klo dana segitu buat bangun jalan rusak 2 25,https://www.tiktok.com/@generalkontraktor1,https://www.tiktok.com/@metropolitan.id/video/7610646870599175445,Efektivitas dan Efisiensi,Negatif,3. Prioritas anggaran dinilai keliru: jalan/infrastruktur diabaikan demi mobil dinas mewah
130,@coklatpahit4650,mobil dipakai gak nyaman karena jalan berlubang solusinya baikin jalannya ganti mobil 3 5,https://www.tiktok.com/@coklatpahit4650,https://www.tiktok.com/@botakteras/video/7613416347250314517,Efektivitas dan Efisiensi,Negatif,3. Prioritas anggaran dinilai keliru: jalan/infrastruktur diabaikan demi mobil dinas mewah
131,@m.rezky.alkiansya,mobil elit buat jalan sulit 3 25,https://www.tiktok.com/@m.rezky.alkiansya,https://www.tiktok.com/@sahambijak0/video/7611953329421421845,Efektivitas dan Efisiensi,Negatif,3. Prioritas anggaran dinilai keliru: jalan/infrastruktur diabaikan demi mobil dinas mewah
132,@nijar.nijar92,mobil elit jalan solit 3 21,https://www.tiktok.com/@nijar.nijar92,https://www.tiktok.com/@sahambijak0/video/7611953329421421845,Efektivitas dan Efisiensi,Negatif,3. Prioritas anggaran dinilai keliru: jalan/infrastruktur diabaikan demi mobil dinas mewah
133,@satriaaaa.09,mobil elit jalan sulit 3 31,https://www.tiktok.com/@satriaaaa.09,https://www.tiktok.com/@sahambijak0/video/7611953329421421845,Efektivitas dan Efisiensi,Negatif,3. Prioritas anggaran dinilai keliru: jalan/infrastruktur diabaikan demi mobil dinas mewah
134,@budiy316,mobil elit jalan sulit 3 8,https://www.tiktok.com/@budiy316,https://www.tiktok.com/@politikdotin/video/7612142044219231508,Efektivitas dan Efisiensi,Negatif,3. Prioritas anggaran dinilai keliru: jalan/infrastruktur diabaikan demi mobil dinas mewah
135,@azyyt8,mobil elit jalan sulit 4 23,https://www.tiktok.com/@azyyt8,https://www.tiktok.com/@ibarat_azra/video/7631776481781271826,Efektivitas dan Efisiensi,Negatif,3. Prioritas anggaran dinilai keliru: jalan/infrastruktur diabaikan demi mobil dinas mewah
136,@viyaa8992,mobil elit jalan sulit 5 14,https://www.tiktok.com/@viyaa8992,https://www.tiktok.com/@aditya.yudono/video/7631554392633675028,Efektivitas dan Efisiensi,Negatif,3. Prioritas anggaran dinilai keliru: jalan/infrastruktur diabaikan demi mobil dinas mewah
137,@user9227352992,mobil elittt jalan sulitt 3 1,https://www.tiktok.com/@user9227352992,https://www.tiktok.com/@politikdotin/video/7612142044219231508,Efektivitas dan Efisiensi,Negatif,3. Prioritas anggaran dinilai keliru: jalan/infrastruktur diabaikan demi mobil dinas mewah
138,@marsin.4g,mobil mahal andai biaya buat jln buat pasilitas buat sekolah2 buat tmpt ibadah andai bkn di buat pakai sendiri 3 5,https://www.tiktok.com/@marsin.4g,https://www.tiktok.com/@ummu.3.anak/video/7613157935157464340,Efektivitas dan Efisiensi,Negatif,3. Prioritas anggaran dinilai keliru: jalan/infrastruktur diabaikan demi mobil dinas mewah
139,@bagloeg5,mobil mahal jalan nya murahan 2 28,https://www.tiktok.com/@bagloeg5,https://www.tiktok.com/@lensanalarcom/video/7610698043981090068,Efektivitas dan Efisiensi,Negatif,3. Prioritas anggaran dinilai keliru: jalan/infrastruktur diabaikan demi mobil dinas mewah
140,@anjas28674,mobil mewah jalan parah 4 28,https://www.tiktok.com/@anjas28674,https://www.tiktok.com/@sahambijak0/video/7611953329421421845,Efektivitas dan Efisiensi,Negatif,3. Prioritas anggaran dinilai keliru: jalan/infrastruktur diabaikan demi mobil dinas mewah
141,@yelou0211,mobil mewah jln di jln lumpur 5 6,https://www.tiktok.com/@yelou0211,https://www.tiktok.com/@jollyroger.strawhat/video/7614678060616404245,Efektivitas dan Efisiensi,Negatif,3. Prioritas anggaran dinilai keliru: jalan/infrastruktur diabaikan demi mobil dinas mewah
142,@galihresa3,mungkin jalannya buat rute mobilnya 3 6,https://www.tiktok.com/@galihresa3,https://www.tiktok.com/@ummu.3.anak/video/7613157935157464340,Efektivitas dan Efisiensi,Negatif,3. Prioritas anggaran dinilai keliru: jalan/infrastruktur diabaikan demi mobil dinas mewah
143,@mnurrahman20,nah jalanya bang yg mau di lewatin mobil 8 5 m 3 5,https://www.tiktok.com/@mnurrahman20,https://www.tiktok.com/@botakteras/video/7613416347250314517,Efektivitas dan Efisiensi,Negatif,3. Prioritas anggaran dinilai keliru: jalan/infrastruktur diabaikan demi mobil dinas mewah
144,@ammarzai650,napa tak betulkan jalan je 3 9,https://www.tiktok.com/@ammarzai650,https://www.tiktok.com/@3halll/video/7611863206281137428,Efektivitas dan Efisiensi,Negatif,3. Prioritas anggaran dinilai keliru: jalan/infrastruktur diabaikan demi mobil dinas mewah
145,@destiadaily,orang mah klo buat ngelewatin jalan kaltim yang hancur bukan beli mobil 8 5m tapi benerin tuh jalan kaltim jalan aman damai rakyat aman tentram juga berguna untuk semua untung aku di jabar 4 24,https://www.tiktok.com/@destiadaily,https://www.tiktok.com/@ibarat_azra/video/7631776481781271826,Efektivitas dan Efisiensi,Negatif,3. Prioritas anggaran dinilai keliru: jalan/infrastruktur diabaikan demi mobil dinas mewah
146,@henaasaefa97_,pa 8 5m mending buat perbiki jalan atau apa kek malah mau buat beli mobil gimana sih 2 26,https://www.tiktok.com/@henaasaefa97_,https://www.tiktok.com/@tyasmira81/video/7610723179446783252,Efektivitas dan Efisiensi,Negatif,3. Prioritas anggaran dinilai keliru: jalan/infrastruktur diabaikan demi mobil dinas mewah
147,@julakdalapan,padahal sadar medannya luar biasa berat 4 17,https://www.tiktok.com/@julakdalapan,https://www.tiktok.com/@beritakukar/video/7612310183590530324,Efektivitas dan Efisiensi,Negatif,3. Prioritas anggaran dinilai keliru: jalan/infrastruktur diabaikan demi mobil dinas mewah
148,@ukan122,pantas aja jln ini gk baik kerena uang negara di belikan mobil usur kpk 3 6,https://www.tiktok.com/@ukan122,https://www.tiktok.com/@relung.id/video/7611773381997890833,Efektivitas dan Efisiensi,Negatif,3. Prioritas anggaran dinilai keliru: jalan/infrastruktur diabaikan demi mobil dinas mewah
149,@sndyrisky,pejabat naik mobil mewah rakyat nya jalan rusak parahh 3 4,https://www.tiktok.com/@sndyrisky,https://www.tiktok.com/@botakteras/video/7613416347250314517,Efektivitas dan Efisiensi,Negatif,3. Prioritas anggaran dinilai keliru: jalan/infrastruktur diabaikan demi mobil dinas mewah
150,@arjunasatya01,perbaiki dulu jalananmu bro biar marwah jalannya kaltim di kenal secara global 4 22,https://www.tiktok.com/@arjunasatya01,https://www.tiktok.com/@ip.alphawolf/video/7629140462753926420,Efektivitas dan Efisiensi,Negatif,3. Prioritas anggaran dinilai keliru: jalan/infrastruktur diabaikan demi mobil dinas mewah
151,@bang_roy_89,perbaiki jalannya bossku biar tdk perlu beli mobil yg mahal coba dana 8 milyar itu digunakan untuk perbaikan jalan pasti lbh manfaat sisanya 500 juta utk mobil bpk gubernur yang komen setuju mana jempolnya 2 24,https://www.tiktok.com/@bang_roy_89,https://www.tiktok.com/@mata_publik_/video/7608632050790239495,Efektivitas dan Efisiensi,Negatif,3. Prioritas anggaran dinilai keliru: jalan/infrastruktur diabaikan demi mobil dinas mewah
152,@ridho.mulyono.001,percuma mobil harga 8 5m kalau jalan nya lumpur 3 22,https://www.tiktok.com/@ridho.mulyono.001,https://www.tiktok.com/@sahambijak0/video/7611953329421421845,Efektivitas dan Efisiensi,Negatif,3. Prioritas anggaran dinilai keliru: jalan/infrastruktur diabaikan demi mobil dinas mewah
153,@umi.maimunah1,pikiraranya gubernur kaltim lgi rusak sm kyk jln nya 3 4,https://www.tiktok.com/@umi.maimunah1,https://www.tiktok.com/@ae_affiliat/video/7612919691111107848,Efektivitas dan Efisiensi,Negatif,3. Prioritas anggaran dinilai keliru: jalan/infrastruktur diabaikan demi mobil dinas mewah
154,@midimidi7676,pindad suruh bikin cepat kendaraan 4x4 yg ramah medan berat biar kepala dserah seluruh indonesia pakai kendaraan yg seragam 2 25,https://www.tiktok.com/@midimidi7676,https://www.tiktok.com/@operasikhusus/video/7610752915036310791,Efektivitas dan Efisiensi,Negatif,3. Prioritas anggaran dinilai keliru: jalan/infrastruktur diabaikan demi mobil dinas mewah
155,@akhira.bali,pola pikir terbalik nih pak gubernur bukan mobil yg canggih yg dibeli tp sarana dan prasarana jalan dibangun biar mobil inova bisa kok lalui 2 27,https://www.tiktok.com/@akhira.bali,https://www.tiktok.com/@libra.pahing1/video/7611302313097153813,Efektivitas dan Efisiensi,Negatif,3. Prioritas anggaran dinilai keliru: jalan/infrastruktur diabaikan demi mobil dinas mewah
156,@erni_852,punya harta banyak mending sumbangin buat jalan pak di kenang sepanjang masa kaya gubernur aku bpk aing 4 23,https://www.tiktok.com/@erni_852,https://www.tiktok.com/@prabsri1/video/7631102459582336277,Efektivitas dan Efisiensi,Negatif,3. Prioritas anggaran dinilai keliru: jalan/infrastruktur diabaikan demi mobil dinas mewah
157,@p.edy.dipo,rakyat kecil perlu jalan yg mulus untuk menunjang ekonomi rakyat kecil lebih bergairah 3 2,https://www.tiktok.com/@p.edy.dipo,https://www.tiktok.com/@beritakukar/video/7612310183590530324,Efektivitas dan Efisiensi,Negatif,3. Prioritas anggaran dinilai keliru: jalan/infrastruktur diabaikan demi mobil dinas mewah
158,@paman.sam38,salah pilih gubernur logika nya dmna ya jalan rusak malah beli mobil mewah bukan jalan nya yg di betulin 3 7,https://www.tiktok.com/@paman.sam38,https://www.tiktok.com/@tikuskokberdasi/video/7613343929244618005,Efektivitas dan Efisiensi,Negatif,3. Prioritas anggaran dinilai keliru: jalan/infrastruktur diabaikan demi mobil dinas mewah
159,@sabriazis307,saya orang sulawesi selatan tapi soal kerja gubernur kalimantan timur betul kerja nya nyata pembangunan mulai dari infrastruktur dan listrik sdah mulai masuk ke pelosok contohnya saja jembatan nibung di kabupaten kutai timur jembatan yang menghubungkan 2 kabupaten kutai timur ke berau dan menghubungkan ke provinsi kalimantan utara pemerintah kalimantan timur punya tantangan dan rintangan tersendiri itu makanya pembangunan sedikit terhambat untuk pekerjaan saya rasa tetap berjalan dengan baik saya orang sulawesi cukup merasa kan hasil kerja pemerintahan kalimantan timur 5 23,https://www.tiktok.com/@sabriazis307,https://www.tiktok.com/@tripol.co/video/7642126377168293141,Efektivitas dan Efisiensi,Negatif,3. Prioritas anggaran dinilai keliru: jalan/infrastruktur diabaikan demi mobil dinas mewah
160,@travellagenggong,seandainya dana 8 5 m untuk perbaiki jalan pasti tercukupi itu 2 21,https://www.tiktok.com/@travellagenggong,https://www.tiktok.com/@mata_publik_/video/7608632050790239495,Efektivitas dan Efisiensi,Negatif,3. Prioritas anggaran dinilai keliru: jalan/infrastruktur diabaikan demi mobil dinas mewah
161,@greciaaaja,seharus nya kan beneein jalan dulu baru beli mobil ya ini malah beli mobil dulu benerin jalan nya kapan kapan 4 23,https://www.tiktok.com/@greciaaaja,https://www.tiktok.com/@ibarat_azra/video/7631776481781271826,Efektivitas dan Efisiensi,Negatif,3. Prioritas anggaran dinilai keliru: jalan/infrastruktur diabaikan demi mobil dinas mewah
162,@bijiciwadak,sejarah mencatat kekuasaan bukan diukur dari kemewahan fasilitasnya melainkan dari seberapa kuat ia berpihak pada rakyat kecil rp8 5 miliar dari dana pemprov kaltim untuk suatu kendaraan adalah angka yang sah untuk dipertanyakan secara moral dan kebijakan bukan karena kita anti fasilitas tetapi karena prioritas adalah cerminan nurani di saat masyarakat membutuhkan akses pendidikan kesehatan infrastruktur keputusan anggaran harus sensitif terhadap rasa keadilan publik kritik ini bukan serangan pribadi ini panggilan tanggung jawab karena dalam demokrasi yang paling tinggi bukan jabatan melainkan kedaulatan rakyat 2 24,https://www.tiktok.com/@bijiciwadak,https://www.tiktok.com/@klikkaltim_/video/7610061418548808967,Efektivitas dan Efisiensi,Negatif,3. Prioritas anggaran dinilai keliru: jalan/infrastruktur diabaikan demi mobil dinas mewah
163,@kt04204,semewah apa mobilmu kl masuk jln di kaltim tak akan tembus bila ban nya pakai tipe at kaltim coba anda perjalanan kluarkota samarinda mau arah timur utara dan barat 1jm perjalan anda pasti menghadapi jln berlubang di padahal itu jln propinsi 2 25,https://www.tiktok.com/@kt04204,https://www.tiktok.com/@lensanalarcom/video/7610698043981090068,Efektivitas dan Efisiensi,Negatif,3. Prioritas anggaran dinilai keliru: jalan/infrastruktur diabaikan demi mobil dinas mewah
164,@joddy354,si gubernur cukup pake innova dan sisanya buat perbaikan jalan 2 26,https://www.tiktok.com/@joddy354,https://www.tiktok.com/@morrodin88/video/7611104729929747733,Efektivitas dan Efisiensi,Negatif,3. Prioritas anggaran dinilai keliru: jalan/infrastruktur diabaikan demi mobil dinas mewah
165,@agussetiawan2109,sini lah ke bontang lewat darat jngan kau lewat muara badak lewat jalan poros ny 2 23,https://www.tiktok.com/@agussetiawan2109,https://www.tiktok.com/@klikkaltim_/video/7610061418548808967,Efektivitas dan Efisiensi,Negatif,3. Prioritas anggaran dinilai keliru: jalan/infrastruktur diabaikan demi mobil dinas mewah
166,@cucu.kurniawati51,tamu global lewat mana pak jlnnya lumpur semua 3 6,https://www.tiktok.com/@cucu.kurniawati51,https://www.tiktok.com/@sentilin_indonesia/video/7613820353550306581,Efektivitas dan Efisiensi,Negatif,3. Prioritas anggaran dinilai keliru: jalan/infrastruktur diabaikan demi mobil dinas mewah
167,@azzam.pratama091,tinggal di bagusin jalannya dan beli mobil yang lebih murah apa susah nya 4 9,https://www.tiktok.com/@azzam.pratama091,https://www.tiktok.com/@3halll/video/7611863206281137428,Efektivitas dan Efisiensi,Negatif,3. Prioritas anggaran dinilai keliru: jalan/infrastruktur diabaikan demi mobil dinas mewah
168,@segeeerde,triton double cabin hilux double cabin adlh mobil lapangan terbukti di kebun sawit jalan berlumpur tanah liat banjir bisa dilewati mbil tsb 3 6,https://www.tiktok.com/@segeeerde,https://www.tiktok.com/@botakteras/video/7613416347250314517,Efektivitas dan Efisiensi,Negatif,3. Prioritas anggaran dinilai keliru: jalan/infrastruktur diabaikan demi mobil dinas mewah
169,@dv4zildjian,tu 8m buat perbaiki jalan dpt brp km yah 3 21,https://www.tiktok.com/@dv4zildjian,https://www.tiktok.com/@wargawargi2025/video/7619281381293755669,Efektivitas dan Efisiensi,Negatif,3. Prioritas anggaran dinilai keliru: jalan/infrastruktur diabaikan demi mobil dinas mewah
170,@b21bb2,uang 8 5 klu dibangunkan jln cor lebar lebih berguna untuk rakyat 3 30,https://www.tiktok.com/@b21bb2,https://www.tiktok.com/@politikdotin/video/7612142044219231508,Efektivitas dan Efisiensi,Negatif,3. Prioritas anggaran dinilai keliru: jalan/infrastruktur diabaikan demi mobil dinas mewah
171,@hendra_kc,untuk lewatin medan yang sulit mobil harus support kak 4 22,https://www.tiktok.com/@hendra_kc,https://www.tiktok.com/@politikdotin/video/7612142044219231508,Efektivitas dan Efisiensi,Negatif,3. Prioritas anggaran dinilai keliru: jalan/infrastruktur diabaikan demi mobil dinas mewah
172,@changliya,waduhh mobil mewah jalan nya rusak nanti monil cepat rusak 3 1,https://www.tiktok.com/@changliya,https://www.tiktok.com/@beritaenamdua/video/7612139610507873557,Efektivitas dan Efisiensi,Negatif,3. Prioritas anggaran dinilai keliru: jalan/infrastruktur diabaikan demi mobil dinas mewah
173,@madonkbeliyau,wkwkwkkwk kaltim mmpunyai marwah jalanna rusak 3 3,https://www.tiktok.com/@madonkbeliyau,https://www.tiktok.com/@f.405_/video/7612591026666048789,Efektivitas dan Efisiensi,Negatif,3. Prioritas anggaran dinilai keliru: jalan/infrastruktur diabaikan demi mobil dinas mewah
174,@krupukmlemp,woiiiii jalannya yg diperbaiki malah beli mobil mewah 2 25,https://www.tiktok.com/@krupukmlemp,https://www.tiktok.com/@wglobalmedia/video/7610699657475329298,Efektivitas dan Efisiensi,Negatif,3. Prioritas anggaran dinilai keliru: jalan/infrastruktur diabaikan demi mobil dinas mewah
175,@ekorinis,yang diperbaiki sarananya dang pak gebernur 2 26,https://www.tiktok.com/@ekorinis,https://www.tiktok.com/@morrodin88/video/7611104729929747733,Efektivitas dan Efisiensi,Negatif,3. Prioritas anggaran dinilai keliru: jalan/infrastruktur diabaikan demi mobil dinas mewah
176,@anakdhieke,yg ditunjang tuh jalannyaa woiiii 3 1,https://www.tiktok.com/@anakdhieke,https://www.tiktok.com/@beritaenamdua/video/7612139610507873557,Efektivitas dan Efisiensi,Negatif,3. Prioritas anggaran dinilai keliru: jalan/infrastruktur diabaikan demi mobil dinas mewah
177,@anglerboy009,yg penting jalan di perbaiki kocak 3 11,https://www.tiktok.com/@anglerboy009,https://www.tiktok.com/@detik.lebak/video/7612096372824608008,Efektivitas dan Efisiensi,Negatif,3. Prioritas anggaran dinilai keliru: jalan/infrastruktur diabaikan demi mobil dinas mewah
178,@triwahyu0678,4000cc pakai truk aja 4x4 lebih cocok 3 1,https://www.tiktok.com/@triwahyu0678,https://www.tiktok.com/@beritaenamdua/video/7612139610507873557,Efektivitas dan Efisiensi,Negatif,"4. Harga/nilai mobil dinas dinilai kemahalan/boros, termasuk saran merek alternatif lebih murah"
179,@sarusangelobilist,700 jt jg udh mahal pak 3 22,https://www.tiktok.com/@sarusangelobilist,https://www.tiktok.com/@beritasatuofficial/video/7619163357022997780,Efektivitas dan Efisiensi,Negatif,"4. Harga/nilai mobil dinas dinilai kemahalan/boros, termasuk saran merek alternatif lebih murah"
180,@user0888855686655,700 jt pake hanya 3 26,https://www.tiktok.com/@user0888855686655,https://www.tiktok.com/@millenialzkece/video/7621132387426061575,Efektivitas dan Efisiensi,Negatif,"4. Harga/nilai mobil dinas dinilai kemahalan/boros, termasuk saran merek alternatif lebih murah"
181,@miozann_,700 jt saya hanya motor 3 jt 3 22,https://www.tiktok.com/@miozann_,https://www.tiktok.com/@beritasatuofficial/video/7619163357022997780,Efektivitas dan Efisiensi,Negatif,"4. Harga/nilai mobil dinas dinilai kemahalan/boros, termasuk saran merek alternatif lebih murah"
182,@nathan_here21,700 juta buat presiden ya normal lah buat keamanan nya lah 2m buat apa jir 3 21,https://www.tiktok.com/@nathan_here21,https://www.tiktok.com/@wargawargi2025/video/7619281381293755669,Efektivitas dan Efisiensi,Negatif,"4. Harga/nilai mobil dinas dinilai kemahalan/boros, termasuk saran merek alternatif lebih murah"
183,@akuapalah32,8 5 m penunjukkan langsung 3 4,https://www.tiktok.com/@akuapalah32,https://www.tiktok.com/@kompastv_jateng/video/7613321888445615381,Efektivitas dan Efisiensi,Negatif,"4. Harga/nilai mobil dinas dinilai kemahalan/boros, termasuk saran merek alternatif lebih murah"
184,@bukan_siapasiapa865,asli triton new ganteng bett emg mitshubishi mau bikin mobilnya model dynamic shield 3 5,https://www.tiktok.com/@bukan_siapasiapa865,https://www.tiktok.com/@botakteras/video/7613416347250314517,Efektivitas dan Efisiensi,Negatif,"4. Harga/nilai mobil dinas dinilai kemahalan/boros, termasuk saran merek alternatif lebih murah"
185,@crg_fishing2,beli alpard bawa ke jadi tangguh nyaman 2 23,https://www.tiktok.com/@crg_fishing2,https://www.tiktok.com/@kutai.dailynews/video/7609068555455253780,Efektivitas dan Efisiensi,Negatif,"4. Harga/nilai mobil dinas dinilai kemahalan/boros, termasuk saran merek alternatif lebih murah"
186,@yusuf.setiawan89,beli hilux aja kenapa harus yg miliaran 3 1,https://www.tiktok.com/@yusuf.setiawan89,https://www.tiktok.com/@beritaenamdua/video/7612139610507873557,Efektivitas dan Efisiensi,Negatif,"4. Harga/nilai mobil dinas dinilai kemahalan/boros, termasuk saran merek alternatif lebih murah"
187,@fikih929,beli mobil mewah itu luar biasa asalkan uang sendiri bukan uang anggaran daerah gak apa2 3 21,https://www.tiktok.com/@fikih929,https://www.tiktok.com/@sahambijak0/video/7611953329421421845,Efektivitas dan Efisiensi,Negatif,"4. Harga/nilai mobil dinas dinilai kemahalan/boros, termasuk saran merek alternatif lebih murah"
188,@supribahtiar990,beli saja roket baru bapak ke planet mars 2 25,https://www.tiktok.com/@supribahtiar990,https://www.tiktok.com/@operasikhusus/video/7610752915036310791,Efektivitas dan Efisiensi,Negatif,"4. Harga/nilai mobil dinas dinilai kemahalan/boros, termasuk saran merek alternatif lebih murah"
189,@user8134762508136,belikan ktm aja ndak perlu mobil ini karena gubernurnya gengsian 2 23,https://www.tiktok.com/@user8134762508136,https://www.tiktok.com/@kutai.dailynews/video/7609068555455253780,Efektivitas dan Efisiensi,Negatif,"4. Harga/nilai mobil dinas dinilai kemahalan/boros, termasuk saran merek alternatif lebih murah"
190,@myusuf740,betol pak terlalu mewah mobil nya 2 28,https://www.tiktok.com/@myusuf740,https://www.tiktok.com/@harianda19/video/7611777664621350164,Efektivitas dan Efisiensi,Negatif,"4. Harga/nilai mobil dinas dinilai kemahalan/boros, termasuk saran merek alternatif lebih murah"
191,@mahagraaaaa__,bro yang pake kendaraan apapun tetep berangkat 3 5,https://www.tiktok.com/@mahagraaaaa__,https://www.tiktok.com/@detik.lebak/video/7612096372824608008,Efektivitas dan Efisiensi,Negatif,"4. Harga/nilai mobil dinas dinilai kemahalan/boros, termasuk saran merek alternatif lebih murah"
192,@ajo.tarigan,bukan kau saja gubenur lihatlah mobil dinas gubenur lain 3 27,https://www.tiktok.com/@ajo.tarigan,https://www.tiktok.com/@keadilanfiktif/video/7615447599402798357,Efektivitas dan Efisiensi,Negatif,"4. Harga/nilai mobil dinas dinilai kemahalan/boros, termasuk saran merek alternatif lebih murah"
193,@nurul_fg,bukan klo mobil dinas platnya merah ya kok ini putih semangat ya pak gubernurku 2 27,https://www.tiktok.com/@nurul_fg,https://www.tiktok.com/@arteranews.id/video/7611460664074390804,Efektivitas dan Efisiensi,Negatif,"4. Harga/nilai mobil dinas dinilai kemahalan/boros, termasuk saran merek alternatif lebih murah"
194,@ravin.cent,cuman 700 jt 3 21,https://www.tiktok.com/@ravin.cent,https://www.tiktok.com/@wargawargi2025/video/7619281381293755669,Efektivitas dan Efisiensi,Negatif,"4. Harga/nilai mobil dinas dinilai kemahalan/boros, termasuk saran merek alternatif lebih murah"
195,@leonardo_di_catmeeow,emang bukan sekedarnya tapi ya jangan yang paling mewah juga itu kan bukan uang kamu kalo kamu beli pake duit sendiri roll royce juga gak apa 2 25,https://www.tiktok.com/@leonardo_di_catmeeow,https://www.tiktok.com/@operasikhusus/video/7610752915036310791,Efektivitas dan Efisiensi,Negatif,"4. Harga/nilai mobil dinas dinilai kemahalan/boros, termasuk saran merek alternatif lebih murah"
196,@bakoel.susuuht,ford ranger raptor 3 0 1 5 m masih dapat kembalian 3 7,https://www.tiktok.com/@bakoel.susuuht,https://www.tiktok.com/@botakteras/video/7613416347250314517,Efektivitas dan Efisiensi,Negatif,"4. Harga/nilai mobil dinas dinilai kemahalan/boros, termasuk saran merek alternatif lebih murah"
197,@user9292094939676,fortuner pajero dan yg selevel sdh cukup kok 2 25,https://www.tiktok.com/@user9292094939676,https://www.tiktok.com/@operasikhusus/video/7610752915036310791,Efektivitas dan Efisiensi,Negatif,"4. Harga/nilai mobil dinas dinilai kemahalan/boros, termasuk saran merek alternatif lebih murah"
198,@allif_damar,ganti panther aja 2 21,https://www.tiktok.com/@allif_damar,https://www.tiktok.com/@kutai.dailynews/video/7609068555455253780,Efektivitas dan Efisiensi,Negatif,"4. Harga/nilai mobil dinas dinilai kemahalan/boros, termasuk saran merek alternatif lebih murah"
199,@joe_hans703,gubernur aing anggaran buat beli mobil dinas aja malah dihapus 2 18,https://www.tiktok.com/@joe_hans703,https://www.tiktok.com/@ashepsayfullq/video/7608021220088433936,Efektivitas dan Efisiensi,Negatif,"4. Harga/nilai mobil dinas dinilai kemahalan/boros, termasuk saran merek alternatif lebih murah"
200,@iiiiiibbbbbbbkkkkkkk,gubernur dinasti duit miliyaran orak gawe dandan dalan malah gawe tuku mobil 4 23,https://www.tiktok.com/@iiiiiibbbbbbbkkkkkkk,https://www.tiktok.com/@prabsri1/video/7631102459582336277,Efektivitas dan Efisiensi,Negatif,"4. Harga/nilai mobil dinas dinilai kemahalan/boros, termasuk saran merek alternatif lebih murah"
201,@sujanana0,gw aja pake honda beat 3 21,https://www.tiktok.com/@sujanana0,https://www.tiktok.com/@wargawargi2025/video/7619281381293755669,Efektivitas dan Efisiensi,Negatif,"4. Harga/nilai mobil dinas dinilai kemahalan/boros, termasuk saran merek alternatif lebih murah"
202,@minepack.id,hanya 700jt 3 28,https://www.tiktok.com/@minepack.id,https://www.tiktok.com/@millenialzkece/video/7621132387426061575,Efektivitas dan Efisiensi,Negatif,"4. Harga/nilai mobil dinas dinilai kemahalan/boros, termasuk saran merek alternatif lebih murah"
203,@muhammadabdillah4915,harga mobil maung 3 26,https://www.tiktok.com/@muhammadabdillah4915,https://www.tiktok.com/@fans_pak_prabowo/video/7621100320243928341,Efektivitas dan Efisiensi,Negatif,"4. Harga/nilai mobil dinas dinilai kemahalan/boros, termasuk saran merek alternatif lebih murah"
204,@mucukun69,harga mobil maung 3 26,https://www.tiktok.com/@mucukun69,https://www.tiktok.com/@fans_pak_prabowo/video/7621100320243928341,Efektivitas dan Efisiensi,Negatif,"4. Harga/nilai mobil dinas dinilai kemahalan/boros, termasuk saran merek alternatif lebih murah"
205,@ijun.adi,harusnya mobil2 pejabat dan mentri itu mobil avanza aja biar lebih merakyat untuk apa yg mahal2 rakyat masi banyak yg lapar pak 3 20,https://www.tiktok.com/@ijun.adi,https://www.tiktok.com/@beritasatuofficial/video/7619163357022997780,Efektivitas dan Efisiensi,Negatif,"4. Harga/nilai mobil dinas dinilai kemahalan/boros, termasuk saran merek alternatif lebih murah"
206,@utagei6,harusnya motor 2 25,https://www.tiktok.com/@utagei6,https://www.tiktok.com/@the_amor70/video/7610666343985138951,Efektivitas dan Efisiensi,Negatif,"4. Harga/nilai mobil dinas dinilai kemahalan/boros, termasuk saran merek alternatif lebih murah"
207,@sunride_21,harusnya rasain jadi warga naik motor lewat situ bukan duduk manis pake sopir 2 28,https://www.tiktok.com/@sunride_21,https://www.tiktok.com/@arteranews.id/video/7611460664074390804,Efektivitas dan Efisiensi,Negatif,"4. Harga/nilai mobil dinas dinilai kemahalan/boros, termasuk saran merek alternatif lebih murah"
208,@fendyiskandar578,hebaaat mobil gubernur termewah dan termahal di seluruh indonesia 2 28,https://www.tiktok.com/@fendyiskandar578,https://www.tiktok.com/@aimambandung/video/7611327878239620372,Efektivitas dan Efisiensi,Negatif,"4. Harga/nilai mobil dinas dinilai kemahalan/boros, termasuk saran merek alternatif lebih murah"
209,@fenomenaalam62,itu mobil dinas kepala ditingkat desa y bro 3 2,https://www.tiktok.com/@fenomenaalam62,https://www.tiktok.com/@sigit_sugiana/video/7612287428258237704,Efektivitas dan Efisiensi,Negatif,"4. Harga/nilai mobil dinas dinilai kemahalan/boros, termasuk saran merek alternatif lebih murah"
210,@tatolor,itu yg belakang mobil biasa bisa lewat 3 1,https://www.tiktok.com/@tatolor,https://www.tiktok.com/@lensanalarcom/video/7610698043981090068,Efektivitas dan Efisiensi,Negatif,"4. Harga/nilai mobil dinas dinilai kemahalan/boros, termasuk saran merek alternatif lebih murah"
211,@ayy4shgibr4n,iya kan tidak perlu beli mobil mahal kan ada fortuner dan pajero yang harganya tidak mahal mahalgitulah paling takharga 3miryar adu bikin habis uagngr 3 27,https://www.tiktok.com/@ayy4shgibr4n,https://www.tiktok.com/@3halll/video/7611863206281137428,Efektivitas dan Efisiensi,Negatif,"4. Harga/nilai mobil dinas dinilai kemahalan/boros, termasuk saran merek alternatif lebih murah"
212,@qrontll,jangan suruh saya pakai kijang dek 2 27,https://www.tiktok.com/@qrontll,https://www.tiktok.com/@robi.plur/video/7611168030877322514,Efektivitas dan Efisiensi,Negatif,"4. Harga/nilai mobil dinas dinilai kemahalan/boros, termasuk saran merek alternatif lebih murah"
213,@tuanmudaabimana25,kalimantan pakai triton strada hylux double cabin 4x4 sudah aman pak jangan maksain pakai mobil mewah 2 27,https://www.tiktok.com/@tuanmudaabimana25,https://www.tiktok.com/@robi.plur/video/7611168030877322514,Efektivitas dan Efisiensi,Negatif,"4. Harga/nilai mobil dinas dinilai kemahalan/boros, termasuk saran merek alternatif lebih murah"
214,@jupanaasih,kami emang harus naik mobil 8 5m kak liat aja kami disamarinda emang bangsawan 3 5,https://www.tiktok.com/@jupanaasih,https://www.tiktok.com/@botakteras/video/7613416347250314517,Efektivitas dan Efisiensi,Negatif,"4. Harga/nilai mobil dinas dinilai kemahalan/boros, termasuk saran merek alternatif lebih murah"
215,@usercwqucm36gm,kan cuma wakil rakyat rakyatnya aja naik mio second stnk doank wakilnya range rover autobiograpy 3 9,https://www.tiktok.com/@usercwqucm36gm,https://www.tiktok.com/@morrodin88/video/7611104729929747733,Efektivitas dan Efisiensi,Negatif,"4. Harga/nilai mobil dinas dinilai kemahalan/boros, termasuk saran merek alternatif lebih murah"
216,@perfume_senja,kemahalan 700 jt pak pake yg 15 juta kek semacam mobil sedan timor yg murah 3 26,https://www.tiktok.com/@perfume_senja,https://www.tiktok.com/@fans_pak_prabowo/video/7621100320243928341,Efektivitas dan Efisiensi,Negatif,"4. Harga/nilai mobil dinas dinilai kemahalan/boros, termasuk saran merek alternatif lebih murah"
217,@nama.ku.alul.929,kenapa gak beli toyota land cruiser harga nya aja lengkap 2 5 miliar 4 18,https://www.tiktok.com/@nama.ku.alul.929,https://www.tiktok.com/@3halll/video/7611863206281137428,Efektivitas dan Efisiensi,Negatif,"4. Harga/nilai mobil dinas dinilai kemahalan/boros, termasuk saran merek alternatif lebih murah"
218,@uyun74773,kenapa gk beli pejero atau fortuner kan bisa 4 4,https://www.tiktok.com/@uyun74773,https://www.tiktok.com/@3halll/video/7611863206281137428,Efektivitas dan Efisiensi,Negatif,"4. Harga/nilai mobil dinas dinilai kemahalan/boros, termasuk saran merek alternatif lebih murah"
219,@arfaalkapi,kenapaya tinggal beli isuzu mux 4 27,https://www.tiktok.com/@arfaalkapi,https://www.tiktok.com/@3halll/video/7611863206281137428,Efektivitas dan Efisiensi,Negatif,"4. Harga/nilai mobil dinas dinilai kemahalan/boros, termasuk saran merek alternatif lebih murah"
220,@hilm4255,klo ariel sih punya mobil ini pke duit pribadi 3 30,https://www.tiktok.com/@hilm4255,https://www.tiktok.com/@morrodin88/video/7611104729929747733,Efektivitas dan Efisiensi,Negatif,"4. Harga/nilai mobil dinas dinilai kemahalan/boros, termasuk saran merek alternatif lebih murah"
221,@wiidd.07_,knp presiden naik mobil 700jt sedangkan rakyatnya saja kredit motor listrik 3 21,https://www.tiktok.com/@wiidd.07_,https://www.tiktok.com/@beritasatuofficial/video/7619163357022997780,Efektivitas dan Efisiensi,Negatif,"4. Harga/nilai mobil dinas dinilai kemahalan/boros, termasuk saran merek alternatif lebih murah"
222,@ar035614,ku tunggu mobil ini lewat depan rumah mw ikut numpang pengen ngerasaain gimana sich rasa nya mobil 8m 2 25,https://www.tiktok.com/@ar035614,https://www.tiktok.com/@kutai.dailynews/video/7609068555455253780,Efektivitas dan Efisiensi,Negatif,"4. Harga/nilai mobil dinas dinilai kemahalan/boros, termasuk saran merek alternatif lebih murah"
223,@asep.sujana778,kuropsi besar besaran buat beli mobil 3 2,https://www.tiktok.com/@asep.sujana778,https://www.tiktok.com/@harianda19/video/7611777664621350164,Efektivitas dan Efisiensi,Negatif,"4. Harga/nilai mobil dinas dinilai kemahalan/boros, termasuk saran merek alternatif lebih murah"
224,@fajar_beronza,lain marwah nu jlas mah eta duit rakyat 2 26,https://www.tiktok.com/@fajar_beronza,https://www.tiktok.com/@sewaktu.com/video/7611114459628571920,Efektivitas dan Efisiensi,Negatif,"4. Harga/nilai mobil dinas dinilai kemahalan/boros, termasuk saran merek alternatif lebih murah"
225,@bongkrex3,lebih tangguh hiluk dobel cabin 2 27,https://www.tiktok.com/@bongkrex3,https://www.tiktok.com/@lensanalarcom/video/7610698043981090068,Efektivitas dan Efisiensi,Negatif,"4. Harga/nilai mobil dinas dinilai kemahalan/boros, termasuk saran merek alternatif lebih murah"
226,@justcallmerawr4,lexuss lm 500 aja udh ok lho kenapa hrus range rover njir 3 21,https://www.tiktok.com/@justcallmerawr4,https://www.tiktok.com/@wargawargi2025/video/7619281381293755669,Efektivitas dan Efisiensi,Negatif,"4. Harga/nilai mobil dinas dinilai kemahalan/boros, termasuk saran merek alternatif lebih murah"
227,@kemaszaa,mahalan mobil gub kaltim ketimbang mobil presiden 2 25,https://www.tiktok.com/@kemaszaa,https://www.tiktok.com/@ashepsayfullq/video/7608021220088433936,Efektivitas dan Efisiensi,Negatif,"4. Harga/nilai mobil dinas dinilai kemahalan/boros, termasuk saran merek alternatif lebih murah"
228,@mas.t683,mas gibran mobil apa yang di pake cobak 3 2,https://www.tiktok.com/@mas.t683,https://www.tiktok.com/@sahambijak0/video/7611953329421421845,Efektivitas dan Efisiensi,Negatif,"4. Harga/nilai mobil dinas dinilai kemahalan/boros, termasuk saran merek alternatif lebih murah"
229,@permenj4he,mas gibran pke zenix pak 2 25,https://www.tiktok.com/@permenj4he,https://www.tiktok.com/@metropolitan.id/video/7610646870599175445,Efektivitas dan Efisiensi,Negatif,"4. Harga/nilai mobil dinas dinilai kemahalan/boros, termasuk saran merek alternatif lebih murah"
230,@reza.agustieawan,masa 8 5m 5 10,https://www.tiktok.com/@reza.agustieawan,https://www.tiktok.com/@suka.otom0tif/video/7612478466214104328,Efektivitas dan Efisiensi,Negatif,"4. Harga/nilai mobil dinas dinilai kemahalan/boros, termasuk saran merek alternatif lebih murah"
231,@alkyrizky,masa iyah mobil gubernur lebih mewah dari mobil presiden nya 3 25,https://www.tiktok.com/@alkyrizky,https://www.tiktok.com/@sahambijak0/video/7611953329421421845,Efektivitas dan Efisiensi,Negatif,"4. Harga/nilai mobil dinas dinilai kemahalan/boros, termasuk saran merek alternatif lebih murah"
232,@irpan_putra24,masak mobil 8m dinaikin orang ala kadarnya janganndong kasihan mobilnya 3 26,https://www.tiktok.com/@irpan_putra24,https://www.tiktok.com/@fans_pak_prabowo/video/7621100320243928341,Efektivitas dan Efisiensi,Negatif,"4. Harga/nilai mobil dinas dinilai kemahalan/boros, termasuk saran merek alternatif lebih murah"
233,@riski.sterong.yt,mau beli mobil dinas range rover seharga 5 23,https://www.tiktok.com/@riski.sterong.yt,https://www.tiktok.com/@3halll/video/7611863206281137428,Efektivitas dan Efisiensi,Negatif,"4. Harga/nilai mobil dinas dinilai kemahalan/boros, termasuk saran merek alternatif lebih murah"
234,@pawonbundnay,mobil 8 m yg naik ala kadarnya 3 26,https://www.tiktok.com/@pawonbundnay,https://www.tiktok.com/@detik.lebak/video/7612096372824608008,Efektivitas dan Efisiensi,Negatif,"4. Harga/nilai mobil dinas dinilai kemahalan/boros, termasuk saran merek alternatif lebih murah"
235,@bayzz_190,mobil butut 4 23,https://www.tiktok.com/@bayzz_190,https://www.tiktok.com/@arteranews.id/video/7611460664074390804,Efektivitas dan Efisiensi,Negatif,"4. Harga/nilai mobil dinas dinilai kemahalan/boros, termasuk saran merek alternatif lebih murah"
236,@incess.99,mobil dia di beli pakek dana angaran 3 1,https://www.tiktok.com/@incess.99,https://www.tiktok.com/@beritaenamdua/video/7612139610507873557,Efektivitas dan Efisiensi,Negatif,"4. Harga/nilai mobil dinas dinilai kemahalan/boros, termasuk saran merek alternatif lebih murah"
237,@liiann314,mobil dinas apa kalau boleh tau yg seharga 8 5m yg sportnya aja berkisaran 1m 5m itu udah bagus banget loh kalau jenis sedan jeep 8 5m apa yaah 3 6,https://www.tiktok.com/@liiann314,https://www.tiktok.com/@themis.law3/video/7612442626234633480,Efektivitas dan Efisiensi,Negatif,"4. Harga/nilai mobil dinas dinilai kemahalan/boros, termasuk saran merek alternatif lebih murah"
238,@mgaffar887,mobil jeep aja kuat 3 25,https://www.tiktok.com/@mgaffar887,https://www.tiktok.com/@3halll/video/7611863206281137428,Efektivitas dan Efisiensi,Negatif,"4. Harga/nilai mobil dinas dinilai kemahalan/boros, termasuk saran merek alternatif lebih murah"
239,@zyedik,mobil mahal mahal kinerja kagak ada 3 21,https://www.tiktok.com/@zyedik,https://www.tiktok.com/@wargawargi2025/video/7619281381293755669,Efektivitas dan Efisiensi,Negatif,"4. Harga/nilai mobil dinas dinilai kemahalan/boros, termasuk saran merek alternatif lebih murah"
240,@user4752781248182,mobil mentri gak sampai segitu harganya 2 27,https://www.tiktok.com/@user4752781248182,https://www.tiktok.com/@operasikhusus/video/7610752915036310791,Efektivitas dan Efisiensi,Negatif,"4. Harga/nilai mobil dinas dinilai kemahalan/boros, termasuk saran merek alternatif lebih murah"
241,@insancell83,mobil nya bgus jlannya juga lebih bgus 2 25,https://www.tiktok.com/@insancell83,https://www.tiktok.com/@lensanalarcom/video/7610698043981090068,Efektivitas dan Efisiensi,Negatif,"4. Harga/nilai mobil dinas dinilai kemahalan/boros, termasuk saran merek alternatif lebih murah"
242,@harta_tahta_umroh,mobil presiden aja ga segitu 3 5,https://www.tiktok.com/@harta_tahta_umroh,https://www.tiktok.com/@tikuskokberdasi/video/7613343929244618005,Efektivitas dan Efisiensi,Negatif,"4. Harga/nilai mobil dinas dinilai kemahalan/boros, termasuk saran merek alternatif lebih murah"
243,@ahi25734,mobil presiden aja ngak segitu 3 1,https://www.tiktok.com/@ahi25734,https://www.tiktok.com/@arnews91/video/7612104540015414548,Efektivitas dan Efisiensi,Negatif,"4. Harga/nilai mobil dinas dinilai kemahalan/boros, termasuk saran merek alternatif lebih murah"
244,@user4752781248182,mobil untuk keluarga gengsi nya dia sendiriiiiiiiiii 2 27,https://www.tiktok.com/@user4752781248182,https://www.tiktok.com/@operasikhusus/video/7610752915036310791,Efektivitas dan Efisiensi,Negatif,"4. Harga/nilai mobil dinas dinilai kemahalan/boros, termasuk saran merek alternatif lebih murah"
245,@jawad666999,ngapain range rover autobiography anjir ya hilux aja atau ford predator 2 26,https://www.tiktok.com/@jawad666999,https://www.tiktok.com/@metropolitan.id/video/7610646870599175445,Efektivitas dan Efisiensi,Negatif,"4. Harga/nilai mobil dinas dinilai kemahalan/boros, termasuk saran merek alternatif lebih murah"
246,@nugerahantofilza20,padahal banyak mobil tangguh lainnya kayak ford pajero fortuner dll itu kan dibawah 1m 3 23,https://www.tiktok.com/@nugerahantofilza20,https://www.tiktok.com/@3halll/video/7611863206281137428,Efektivitas dan Efisiensi,Negatif,"4. Harga/nilai mobil dinas dinilai kemahalan/boros, termasuk saran merek alternatif lebih murah"
247,@cyucswchys,padahal mah mobil nya b aja 3 21,https://www.tiktok.com/@cyucswchys,https://www.tiktok.com/@wargawargi2025/video/7619281381293755669,Efektivitas dan Efisiensi,Negatif,"4. Harga/nilai mobil dinas dinilai kemahalan/boros, termasuk saran merek alternatif lebih murah"
248,@raden4158,padahal mobil dinas seharga 500jt pun sudah lumayan keren kalau niat mengabdikan diri ke rakyat jgn mikir mobil dinas nya bila perlu mobil pribadi yg di jadikan kendaraan dinas 3 2,https://www.tiktok.com/@raden4158,https://www.tiktok.com/@sigit_sugiana/video/7612287428258237704,Efektivitas dan Efisiensi,Negatif,"4. Harga/nilai mobil dinas dinilai kemahalan/boros, termasuk saran merek alternatif lebih murah"
249,@nanang_hendrian,pajero kan bisa tuh 3 5,https://www.tiktok.com/@nanang_hendrian,https://www.tiktok.com/@libra.pahing1/video/7611302313097153813,Efektivitas dan Efisiensi,Negatif,"4. Harga/nilai mobil dinas dinilai kemahalan/boros, termasuk saran merek alternatif lebih murah"
250,@bobby88828,pak gibran ae wakil presiden pakainya zenix paling pol alphard atau land cruiser 300 itupun ga setiap hari pakainya 3 6,https://www.tiktok.com/@bobby88828,https://www.tiktok.com/@kompastv_jateng/video/7613321888445615381,Efektivitas dan Efisiensi,Negatif,"4. Harga/nilai mobil dinas dinilai kemahalan/boros, termasuk saran merek alternatif lebih murah"
251,@man.maulana27,pak utk jaga marwah tuh kaltim itu bikin maju kaltim bikin warga kaltim itu sejahteta perekonomian kaltim lbh baik lg bkn beli mobil itu see bkn jaga marwah kaltim 4 24,https://www.tiktok.com/@man.maulana27,https://www.tiktok.com/@f.405_/video/7612591026666048789,Efektivitas dan Efisiensi,Negatif,"4. Harga/nilai mobil dinas dinilai kemahalan/boros, termasuk saran merek alternatif lebih murah"
252,@sarwiyana4,pakai mobil ambulance aja 2 27,https://www.tiktok.com/@sarwiyana4,https://www.tiktok.com/@ashepsayfullq/video/7608021220088433936,Efektivitas dan Efisiensi,Negatif,"4. Harga/nilai mobil dinas dinilai kemahalan/boros, termasuk saran merek alternatif lebih murah"
253,@yudizuki,pakai mobil ford aja pak 2 26,https://www.tiktok.com/@yudizuki,https://www.tiktok.com/@operasikhusus/video/7610752915036310791,Efektivitas dan Efisiensi,Negatif,"4. Harga/nilai mobil dinas dinilai kemahalan/boros, termasuk saran merek alternatif lebih murah"
254,@aktor_mudamusik,pake angkot 2 25,https://www.tiktok.com/@aktor_mudamusik,https://www.tiktok.com/@operasikhusus/video/7610752915036310791,Efektivitas dan Efisiensi,Negatif,"4. Harga/nilai mobil dinas dinilai kemahalan/boros, termasuk saran merek alternatif lebih murah"
255,@indra_s61,pake triton aja cukup segala minta yg harga 8 5m mau di buat iclik kah 3 3,https://www.tiktok.com/@indra_s61,https://www.tiktok.com/@beritakukar/video/7612310183590530324,Efektivitas dan Efisiensi,Negatif,"4. Harga/nilai mobil dinas dinilai kemahalan/boros, termasuk saran merek alternatif lebih murah"
256,@beedvm,pejabat itu mobilnya setarakan 200 jutaan saja katanya efisiensi 3 20,https://www.tiktok.com/@beedvm,https://www.tiktok.com/@beritasatuofficial/video/7619163357022997780,Efektivitas dan Efisiensi,Negatif,"4. Harga/nilai mobil dinas dinilai kemahalan/boros, termasuk saran merek alternatif lebih murah"
257,@gakkenall41,pejabat jepang ae naek sepeda itu juga beli sendiri 3 1,https://www.tiktok.com/@gakkenall41,https://www.tiktok.com/@sahambijak0/video/7611953329421421845,Efektivitas dan Efisiensi,Negatif,"4. Harga/nilai mobil dinas dinilai kemahalan/boros, termasuk saran merek alternatif lebih murah"
258,@mohamad.sofi12,percuma mobil mewah tapi pake uang rakyat 4 29,https://www.tiktok.com/@mohamad.sofi12,https://www.tiktok.com/@sahambijak0/video/7611953329421421845,Efektivitas dan Efisiensi,Negatif,"4. Harga/nilai mobil dinas dinilai kemahalan/boros, termasuk saran merek alternatif lebih murah"
259,@hamzz_libingbing,prabowo aja mobil maung seharga 700juta lah itu malah 8 5m kocak 3 22,https://www.tiktok.com/@hamzz_libingbing,https://www.tiktok.com/@sahambijak0/video/7611953329421421845,Efektivitas dan Efisiensi,Negatif,"4. Harga/nilai mobil dinas dinilai kemahalan/boros, termasuk saran merek alternatif lebih murah"
260,@jumatia.sirampe,presiden saja pakai mobil 7 rts jt 5 2,https://www.tiktok.com/@jumatia.sirampe,https://www.tiktok.com/@balikpapantv_official/video/7612479352479026453,Efektivitas dan Efisiensi,Negatif,"4. Harga/nilai mobil dinas dinilai kemahalan/boros, termasuk saran merek alternatif lebih murah"
261,@chocomaltman,puncak komedinya saya ajaa cuman 700jt dia malah 8m 3 20,https://www.tiktok.com/@chocomaltman,https://www.tiktok.com/@beritasatuofficial/video/7619163357022997780,Efektivitas dan Efisiensi,Negatif,"4. Harga/nilai mobil dinas dinilai kemahalan/boros, termasuk saran merek alternatif lebih murah"
262,@yuforia45,ri 2 pakai innova zenix 2000 cc 3 9,https://www.tiktok.com/@yuforia45,https://www.tiktok.com/@sentilin_indonesia/video/7613820353550306581,Efektivitas dan Efisiensi,Negatif,"4. Harga/nilai mobil dinas dinilai kemahalan/boros, termasuk saran merek alternatif lebih murah"
263,@callmeucups,sebenernya 8 5m itu wajar wajar aja kalo untuk 7 8 mobil karena di tiap provinsi mobil dinas gubernur nya minimal land cruiser dan alphard 2 27,https://www.tiktok.com/@callmeucups,https://www.tiktok.com/@robi.plur/video/7611168030877322514,Efektivitas dan Efisiensi,Negatif,"4. Harga/nilai mobil dinas dinilai kemahalan/boros, termasuk saran merek alternatif lebih murah"
264,@aeroskyviolet,seorang wakil presiden aja mobil pribadinya zenix 3 6,https://www.tiktok.com/@aeroskyviolet,https://www.tiktok.com/@sentilin_indonesia/video/7613820353550306581,Efektivitas dan Efisiensi,Negatif,"4. Harga/nilai mobil dinas dinilai kemahalan/boros, termasuk saran merek alternatif lebih murah"
265,@ezracoy76,sopir ya simya ambil di kelurahan pang 2 23,https://www.tiktok.com/@ezracoy76,https://www.tiktok.com/@mata_publik_/video/7608632050790239495,Efektivitas dan Efisiensi,Negatif,"4. Harga/nilai mobil dinas dinilai kemahalan/boros, termasuk saran merek alternatif lebih murah"
266,@wentzy90,stiker gua yang punya mobil 9m aja biasa aja padahal 3 27,https://www.tiktok.com/@wentzy90,https://www.tiktok.com/@fans_pak_prabowo/video/7621100320243928341,Efektivitas dan Efisiensi,Negatif,"4. Harga/nilai mobil dinas dinilai kemahalan/boros, termasuk saran merek alternatif lebih murah"
267,@darmawandarmawan04,tapi nda usah beli mobil yg harganya 8 5 untuk di pake mininjau bos mobil masih ada harganya 3 m bos 3 1,https://www.tiktok.com/@darmawandarmawan04,https://www.tiktok.com/@beritaenamdua/video/7612139610507873557,Efektivitas dan Efisiensi,Negatif,"4. Harga/nilai mobil dinas dinilai kemahalan/boros, termasuk saran merek alternatif lebih murah"
268,@haryonoanwar07,triton itu double gardan 4 23,https://www.tiktok.com/@haryonoanwar07,https://www.tiktok.com/@beritakukar/video/7612310183590530324,Efektivitas dan Efisiensi,Negatif,"4. Harga/nilai mobil dinas dinilai kemahalan/boros, termasuk saran merek alternatif lebih murah"
269,@vanessia05,uang siapa 8 5 m pak 2 27,https://www.tiktok.com/@vanessia05,https://www.tiktok.com/@mr.random1945/video/7611212543067213074,Efektivitas dan Efisiensi,Negatif,"4. Harga/nilai mobil dinas dinilai kemahalan/boros, termasuk saran merek alternatif lebih murah"
270,@kinabe.lay30,wee presiden sa dia punya mobil 700juta sa nih masa hanya gubernur sa harus 8 5m nc 4 25,https://www.tiktok.com/@kinabe.lay30,https://www.tiktok.com/@3halll/video/7611863206281137428,Efektivitas dan Efisiensi,Negatif,"4. Harga/nilai mobil dinas dinilai kemahalan/boros, termasuk saran merek alternatif lebih murah"
271,@anangjunisetia,ya allah 700 juta hanya 3 21,https://www.tiktok.com/@anangjunisetia,https://www.tiktok.com/@beritasatuofficial/video/7619163357022997780,Efektivitas dan Efisiensi,Negatif,"4. Harga/nilai mobil dinas dinilai kemahalan/boros, termasuk saran merek alternatif lebih murah"
272,@samdony91,ya allah 8 5 m tk gawe tuku omah 2 m wes apik 4 23,https://www.tiktok.com/@samdony91,https://www.tiktok.com/@bonekanegara.in/video/7631481627989839105,Efektivitas dan Efisiensi,Negatif,"4. Harga/nilai mobil dinas dinilai kemahalan/boros, termasuk saran merek alternatif lebih murah"
273,@dwifidiansari,beli sdri lah kalo yg shrga gtu msa pake uang rakyat 2 22,https://www.tiktok.com/@dwifidiansari,https://www.tiktok.com/@kutai.dailynews/video/7609068555455253780,Efektivitas dan Efisiensi,Negatif,5. Kritik penggunaan anggaran/uang pajak rakyat untuk hal yang tidak esensial
274,@ugidamarpalang,giliran kita bnyar pajak mhal bnar 2 26,https://www.tiktok.com/@ugidamarpalang,https://www.tiktok.com/@aryo.g1/video/7611001576907427090,Efektivitas dan Efisiensi,Negatif,5. Kritik penggunaan anggaran/uang pajak rakyat untuk hal yang tidak esensial
275,@matroo02,jual batu bara n minyak juga menjarah hutan masih makan duit pajak pula 2 25,https://www.tiktok.com/@matroo02,https://www.tiktok.com/@operasikhusus/video/7610752915036310791,Efektivitas dan Efisiensi,Negatif,5. Kritik penggunaan anggaran/uang pajak rakyat untuk hal yang tidak esensial
276,@rizalr_skidipapap,kompak banget ngabisin duit rakyat 2 28,https://www.tiktok.com/@rizalr_skidipapap,https://www.tiktok.com/@arteranews.id/video/7611460664074390804,Efektivitas dan Efisiensi,Negatif,5. Kritik penggunaan anggaran/uang pajak rakyat untuk hal yang tidak esensial
277,@naurafeniela,sadar pak itu uang rakyat 2 26,https://www.tiktok.com/@naurafeniela,https://www.tiktok.com/@wglobalmedia/video/7610699657475329298,Efektivitas dan Efisiensi,Negatif,5. Kritik penggunaan anggaran/uang pajak rakyat untuk hal yang tidak esensial
278,@subrotobroto887,stop bayar pajak adalah solusi agar indoneaia menjadi lebih baik 2 25,https://www.tiktok.com/@subrotobroto887,https://www.tiktok.com/@dokmus05/video/7610810591543823636,Efektivitas dan Efisiensi,Negatif,5. Kritik penggunaan anggaran/uang pajak rakyat untuk hal yang tidak esensial
279,@leo_macan,uang pajak hasil dari setoran pertambangan itu ya bang 2 26,https://www.tiktok.com/@leo_macan,https://www.tiktok.com/@morrodin88/video/7611104729929747733,Efektivitas dan Efisiensi,Negatif,5. Kritik penggunaan anggaran/uang pajak rakyat untuk hal yang tidak esensial
280,@tantyhernand,ada yg tau wafer nisin 2 27,https://www.tiktok.com/@tantyhernand,https://www.tiktok.com/@media_indonesia/video/7611183349964524821,Efektivitas dan Efisiensi,Negatif,6. Komentar di luar konteks isu pengadaan mobil (noise/tidak relevan)
281,@asura11iow,berapa hektar lahan prabowo 3 20,https://www.tiktok.com/@asura11iow,https://www.tiktok.com/@beritasatuofficial/video/7619163357022997780,Efektivitas dan Efisiensi,Negatif,6. Komentar di luar konteks isu pengadaan mobil (noise/tidak relevan)
282,@bayuslebew176,gimana gak panas cobak karena kipas nya belum di hidupin 4 23,https://www.tiktok.com/@bayuslebew176,https://www.tiktok.com/@ibarat_azra/video/7631776481781271826,Efektivitas dan Efisiensi,Negatif,6. Komentar di luar konteks isu pengadaan mobil (noise/tidak relevan)
283,@user516765907090,ini kan gubenur 200 ribu 2 27,https://www.tiktok.com/@user516765907090,https://www.tiktok.com/@morrodin88/video/7611104729929747733,Efektivitas dan Efisiensi,Negatif,6. Komentar di luar konteks isu pengadaan mobil (noise/tidak relevan)
284,@cpi.yg.ke.2,pantes es nya jadi tambah 2rb 4 23,https://www.tiktok.com/@cpi.yg.ke.2,https://www.tiktok.com/@bonekanegara.in/video/7631481627989839105,Efektivitas dan Efisiensi,Negatif,6. Komentar di luar konteks isu pengadaan mobil (noise/tidak relevan)
285,@jujuresubun,2m aja uda segede gaban apa lagi 25 biji 4 7,https://www.tiktok.com/@jujuresubun,https://www.tiktok.com/@kumparan/video/7626011966401694997,Efektivitas dan Efisiensi,Negatif,7. Komentar tanpa keluhan spesifik
286,@hijauflorist,ajg aing mah 500rb juga ga punya 3 20,https://www.tiktok.com/@hijauflorist,https://www.tiktok.com/@aimambandung/video/7611327878239620372,Efektivitas dan Efisiensi,Negatif,7. Komentar tanpa keluhan spesifik
287,@yusuframadhan741,bisa beli ini juga pdhl 3 5,https://www.tiktok.com/@yusuframadhan741,https://www.tiktok.com/@botakteras/video/7613416347250314517,Efektivitas dan Efisiensi,Negatif,7. Komentar tanpa keluhan spesifik
288,@rizalerda6,buat beli mantel salju lagi 3 6,https://www.tiktok.com/@rizalerda6,https://www.tiktok.com/@sentilin_indonesia/video/7613820353550306581,Efektivitas dan Efisiensi,Negatif,7. Komentar tanpa keluhan spesifik
289,@alee_140197,bukan 2ribu tp 4ribu lebih ya 4 23,https://www.tiktok.com/@alee_140197,https://www.tiktok.com/@bonekanegara.in/video/7631481627989839105,Efektivitas dan Efisiensi,Negatif,7. Komentar tanpa keluhan spesifik
290,@wiwin3084,cukup 1 priode z ya 3 4,https://www.tiktok.com/@wiwin3084,https://www.tiktok.com/@ae_affiliat/video/7612919691111107848,Efektivitas dan Efisiensi,Negatif,7. Komentar tanpa keluhan spesifik
291,@ditgdhog,dana pribadi blok 3 8,https://www.tiktok.com/@ditgdhog,https://www.tiktok.com/@jollyroger.strawhat/video/7614678060616404245,Efektivitas dan Efisiensi,Negatif,7. Komentar tanpa keluhan spesifik
292,@tristan_cakra,kaltim sekarang levelnya sudah internasional fasilitasnya ya harus menyesuaikan standar global 3 4,https://www.tiktok.com/@tristan_cakra,https://www.tiktok.com/@tikuskokberdasi/video/7613343929244618005,Efektivitas dan Efisiensi,Negatif,7. Komentar tanpa keluhan spesifik
293,@botoh699,menyala bapak israk noor 4 27,https://www.tiktok.com/@botoh699,https://www.tiktok.com/@damarmart/video/7631483584649481479,Efektivitas dan Efisiensi,Negatif,7. Komentar tanpa keluhan spesifik
294,@paul07116,punya harta 166m dari mana aja tuh 4 23,https://www.tiktok.com/@paul07116,https://www.tiktok.com/@prabsri1/video/7631102459582336277,Efektivitas dan Efisiensi,Negatif,7. Komentar tanpa keluhan spesifik
295,@saikotravel0,waduhhh ngabisin agaran 3 3,https://www.tiktok.com/@saikotravel0,https://www.tiktok.com/@detik.lebak/video/7612096372824608008,Efektivitas dan Efisiensi,Negatif,7. Komentar tanpa keluhan spesifik
