provenance_status,Column 1,username,original_text,reply_url,source_tiktok,annotator_aspect,ai_aspect,researcher_aspect,final_aspect,annotator_sentiment,ai_sentiment,researcher_sentiment,final_sentiment,final_label,notes,match_is_degenerate
not_located_in_raw_scrape,47,@panglima_kijang_kencana,"Assalamualaikum buat pencerahan buat yang komen negatif di sosmed media sosial tentang gubernur Kaltim. Wajar aja dia menikmati peselitas itu. Kerna dia juga berjuang berdarah darah berkorban harta benda"" baru bisa duduk jadi gubernur kaltim. KERNA ITU PILIHAN KALIAN JUGA DIA JADI PEJABAT DAN GUBERNUR KALTIM. LEBIH BAIK KITA SENERGI MEMBANGUN KALTIM. Jadi kita jangan membuli' menghujat dan gibahnya ya kawan. Seharusnya kita dukung program beliau agar maksimal membangun kaltim. Ingat kawan manusi",https://www.tiktok.com/@panglima_kijang_kencana,https://www.tiktok.com/@harianda19/video/7611777664621350164,Akuntabilitas,Responsivitas,Akuntabilitas,Akuntabilitas,Positif,Positif,Positif,Positif,Akuntabilitas_Positif,,False
not_located_in_raw_scrape,162,@bijiciwadak,"Sejarah mencatat, kekuasaan bukan diukur dari kemewahan fasilitasnya, melainkan dari seberapa kuat ia berpihak pada rakyat kecil. Rp8,5 miliar dari dana Pemprov Kaltim untuk suatu kendaraan adalah angka yang sah untuk dipertanyakan secara moral dan kebijakan. Bukan karena kita anti fasilitas. Tetapi karena prioritas adalah cerminan nurani. Di saat masyarakat membutuhkan akses pendidikan, kesehatan, infrastruktur, keputusan anggaran harus sensitif terhadap rasa keadilan publik. Kritik ini bukan s",https://www.tiktok.com/@bijiciwadak,https://www.tiktok.com/@klikkaltim_/video/7610061418548808967,Efektivitas & Efisiensi,Efektivitas & Efisiensi,Efektivitas & Efisiensi,Efektivitas & Efisiensi,Negatif,Negatif,Negatif,Negatif,Efektivitas & Efisiensi_Negatif,,False
not_located_in_raw_scrape,222,@panglima_kijang_kencana,"Assalamualaikum buat kita semua. Wajar aja dia menikmati peselitas itu. Kerna dia juga berjuang berdarah darah berkorban harta benda"" baru bisa duduk jadi gubernur kaltim. KERNA ITU PILIHAN KALIAN JUGA DIA JADI PEJABAT DAN GUBERNUR KALTIM. LEBIH BAIK KITA SENERGI MEMBANGUN KALTIM. Jadi kita jangan membuli' menghujat dan gibahnya ya kawan. Seharusnya kita dukung program beliau agar maksimal membangun kaltim. Ingat kawan manusia itu tidak ada yang sempurna. DIA JUGA BERBUAT SEPERTI ITU. BUAT MASRA",https://www.tiktok.com/@panglima_kijang_kencana,https://www.tiktok.com/@relung.id/video/7611773381997890833,Akuntabilitas,Responsivitas,Akuntabilitas,Akuntabilitas,Positif,Positif,Positif,Positif,Akuntabilitas_Positif,,False
not_located_in_raw_scrape,296,@ddy_agus,"Kalau memang sesuai aturan, ya silakan saja dilakukan 3-4",https://www.tiktok.com/@ddy_agus,https://www.tiktok.com/@tikuskokberdasi/video/7613343929244618005,Akuntabilitas,Transparansi,Akuntabilitas,Akuntabilitas,Positif,Positif,Positif,Positif,Akuntabilitas_Positif,,False
not_located_in_raw_scrape,506,@aida61281,rendah hatinya pak Gubernur mau mendengar aspirasi masyarakat,https://www.tiktok.com/@kaltimtoday.co/video/7619557752192683271?is_from_webapp=1&sender_device=pc,https://www.tiktok.com/@kaltimtoday.co/video/7619557752192683271?is_from_webapp=1&sender_device=pc,Responsivitas,Responsivitas,Responsivitas,Responsivitas,Positif,Positif,Positif,Positif,Responsivitas_Positif,,False
not_located_in_raw_scrape,507,@daydayat093,Mana bisa mobil yg sdh dibeli dikembalikan😅😅😅,https://www.tiktok.com/@kaltimtoday.co/video/7619557752192683271?is_from_webapp=1&sender_device=pc,https://www.tiktok.com/@kaltimtoday.co/video/7619557752192683271?is_from_webapp=1&sender_device=pc,Transparansi,Transparansi,Transparansi,Transparansi,Negatif,Negatif,Negatif,Negatif,Transparansi_Negatif,,False
not_located_in_raw_scrape,508,@zhagie06,"kok baru sekang mendengarkan aspirasi masyarakat, jangan donggg",https://www.tiktok.com/@kaltimtoday.co/video/7619557752192683271?is_from_webapp=1&sender_device=pc,https://www.tiktok.com/@kaltimtoday.co/video/7619557752192683271?is_from_webapp=1&sender_device=pc,Transparansi,Responsivitas,Transparansi,Transparansi,Negatif,Negatif,Negatif,Negatif,Transparansi_Negatif,,False
not_located_in_raw_scrape,509,@umamzxlena,"jawaban yang kurang bermutu,justru saya rasa soal mobil ini pasti masyarakat bertanya ""kenapa harus beli mobil mewah seharga 8m?""",https://www.tiktok.com/@kaltimtoday.co/video/7619557752192683271?is_from_webapp=1&sender_device=pc,https://www.tiktok.com/@kaltimtoday.co/video/7619557752192683271?is_from_webapp=1&sender_device=pc,Responsivitas,Transparansi,Responsivitas,Responsivitas,Negatif,Negatif,Negatif,Negatif,Responsivitas_Negatif,,False
not_located_in_raw_scrape,510,@hartono.lee3,pliiis jangan di-bully... setidaknya kita wajib hargai beliau yang sudah mau mendengarkan aspirasi masyarakat nya🙏,https://www.tiktok.com/@kaltimtoday.co/video/7619557752192683271?is_from_webapp=1&sender_device=pc,https://www.tiktok.com/@kaltimtoday.co/video/7619557752192683271?is_from_webapp=1&sender_device=pc,Responsivitas,Responsivitas,Responsivitas,Responsivitas,Positif,Positif,Positif,Positif,Responsivitas_Positif,,False
not_located_in_raw_scrape,511,@pagopaghia,bagusnya zaman skrg tuh teknologi udh canggih jd informasinya cepet banget. Kalo dia ga viral pasti udah kemana2 pake mobil 8.5 M ituhhh,https://www.tiktok.com/@kaltimtoday.co/video/7619557752192683271?is_from_webapp=1&sender_device=pc,https://www.tiktok.com/@kaltimtoday.co/video/7619557752192683271?is_from_webapp=1&sender_device=pc,Responsivitas,Transparansi,Responsivitas,Responsivitas,Negatif,Positif,Negatif,Negatif,Responsivitas_Negatif,,False
not_located_in_raw_scrape,512,@hatiyankterluka7,iya atuh kembalikan... jalannya yg dibenerin malu...,https://www.tiktok.com/@kaltimtoday.co/video/7619557752192683271?is_from_webapp=1&sender_device=pc,https://www.tiktok.com/@kaltimtoday.co/video/7619557752192683271?is_from_webapp=1&sender_device=pc,Efektivitas & Efisiensi,Efektivitas & Efisiensi,Efektivitas & Efisiensi,Efektivitas & Efisiensi,Negatif,Negatif,Negatif,Negatif,Efektivitas & Efisiensi_Negatif,,False
not_located_in_raw_scrape,513,@queenridzka16,"masa harus di komplain presiden dulu, baru sadar.",https://www.tiktok.com/@kaltimtoday.co/video/7619557752192683271?is_from_webapp=1&sender_device=pc,https://www.tiktok.com/@kaltimtoday.co/video/7619557752192683271?is_from_webapp=1&sender_device=pc,Responsivitas,Responsivitas,Responsivitas,Responsivitas,Negatif,Negatif,Negatif,Negatif,Responsivitas_Negatif,,False
not_located_in_raw_scrape,514,@dennn_1506,minta maaf bang bukan ngeles 😅,https://www.tiktok.com/@kaltimtoday.co/video/7619557752192683271?is_from_webapp=1&sender_device=pc,https://www.tiktok.com/@kaltimtoday.co/video/7619557752192683271?is_from_webapp=1&sender_device=pc,Responsivitas,Transparansi,Responsivitas,Responsivitas,Negatif,Negatif,Negatif,Negatif,Responsivitas_Negatif,,False
not_located_in_raw_scrape,515,@idaites,cara jadi pejabat salah satunya adalah harus pandai ngeles,https://www.tiktok.com/@kaltimtoday.co/video/7619557752192683271?is_from_webapp=1&sender_device=pc,https://www.tiktok.com/@kaltimtoday.co/video/7619557752192683271?is_from_webapp=1&sender_device=pc,Responsivitas,Transparansi,Responsivitas,Responsivitas,Negatif,Negatif,Negatif,Negatif,Responsivitas_Negatif,,False
not_located_in_raw_scrape,516,@jeer145,mobil nya masih ada kok ga mustahil dibalikan kan Marwah nya kemana,https://www.tiktok.com/@kaltimtoday.co/video/7619557752192683271?is_from_webapp=1&sender_device=pc,https://www.tiktok.com/@kaltimtoday.co/video/7619557752192683271?is_from_webapp=1&sender_device=pc,Transparansi,Transparansi,Transparansi,Transparansi,Negatif,Negatif,Negatif,Negatif,Transparansi_Negatif,,False
not_located_in_raw_scrape,517,@percikan.apiooo,yang dibilang tentang mobil yang dia omong antah apa,https://www.tiktok.com/@kaltimtoday.co/video/7619557752192683271?is_from_webapp=1&sender_device=pc,https://www.tiktok.com/@kaltimtoday.co/video/7619557752192683271?is_from_webapp=1&sender_device=pc,Responsivitas,Transparansi,Responsivitas,Responsivitas,Negatif,Negatif,Negatif,Negatif,Responsivitas_Negatif,,False
not_located_in_raw_scrape,518,@rivaldi7690,pas udah kena sindir presiden baru berubah😄,https://www.tiktok.com/@kaltimtoday.co/video/7619557752192683271?is_from_webapp=1&sender_device=pc,https://www.tiktok.com/@kaltimtoday.co/video/7619557752192683271?is_from_webapp=1&sender_device=pc,Responsivitas,Responsivitas,Responsivitas,Responsivitas,Negatif,Negatif,Negatif,Negatif,Responsivitas_Negatif,,False
not_located_in_raw_scrape,519,@samsudinarif21,ini sistemnya gimna emang bisa mobil uda di beli dikembalikan,https://www.tiktok.com/@kaltimtoday.co/video/7619557752192683271?is_from_webapp=1&sender_device=pc,https://www.tiktok.com/@kaltimtoday.co/video/7619557752192683271?is_from_webapp=1&sender_device=pc,Transparansi,Transparansi,Transparansi,Transparansi,Negatif,Negatif,Negatif,Negatif,Transparansi_Negatif,,False
not_located_in_raw_scrape,520,@phikrhighantheng,cuma di indo gubernur sama presiden saling sindir,https://www.tiktok.com/@kaltimtoday.co/video/7619557752192683271?is_from_webapp=1&sender_device=pc,https://www.tiktok.com/@kaltimtoday.co/video/7619557752192683271?is_from_webapp=1&sender_device=pc,Responsivitas,Transparansi,Responsivitas,Responsivitas,Negatif,Negatif,Negatif,Negatif,Responsivitas_Negatif,,False
not_located_in_raw_scrape,521,@kinanditaamora,"Respon gubernurnya dinanti nih, semoga sentilan dari pusat ini bikin anggaran daerah jadi lebih efisien dan tepat sasaran.""",https://www.tiktok.com/@kaltimtoday.co/video/7619557752192683271?is_from_webapp=1&sender_device=pc,https://www.tiktok.com/@kaltimtoday.co/video/7619557752192683271?is_from_webapp=1&sender_device=pc,Efektivitas & Efisiensi,Responsivitas,Efektivitas & Efisiensi,Efektivitas & Efisiensi,Positif,Positif,Positif,Positif,Efektivitas & Efisiensi_Positif,,False
not_located_in_raw_scrape,522,@ym_aprl,"Setelah teguran soal gaya hidup mewah di tengah lingkungan yang memprihatinkan, ia akhirnya memulangkan mobil seharga 8 miliar itu demi pembangunan masyarakat. Langkah yang terlihat bijak, namun pertanyaannya: apakah ini murni kesadaran nurani, atau sekadar strategi penyelamatan citra?",https://www.tiktok.com/@kaltimtoday.co/video/7619557752192683271?is_from_webapp=1&sender_device=pc,https://www.tiktok.com/@kaltimtoday.co/video/7619557752192683271?is_from_webapp=1&sender_device=pc,Akuntabilitas,Akuntabilitas,Akuntabilitas,Akuntabilitas,Negatif,Negatif,Negatif,Negatif,Akuntabilitas_Negatif,,False
not_located_in_raw_scrape,523,@remon.clipper,"Bahasa pejabat tuh tamplate yak klo udh viral, pasti dalihnya saya akan membangun infrastruktur, pendidikan, kesehatan pdhl itu bahasa untuk menenangkan rakyat aja dan blm tentu dia lakukan jg🗿",https://www.tiktok.com/@kaltimtoday.co/video/7619557752192683271?is_from_webapp=1&sender_device=pc,https://www.tiktok.com/@kaltimtoday.co/video/7619557752192683271?is_from_webapp=1&sender_device=pc,Akuntabilitas,Transparansi,Akuntabilitas,Akuntabilitas,Negatif,Negatif,Negatif,Negatif,Akuntabilitas_Negatif,,False
not_located_in_raw_scrape,524,@gooel337,Emang bisa dikembalikan gitu ya enak banget beli mobil di kaltim yakkk,https://www.tiktok.com/@kaltimtoday.co/video/7619557752192683271?is_from_webapp=1&sender_device=pc,https://www.tiktok.com/@kaltimtoday.co/video/7619557752192683271?is_from_webapp=1&sender_device=pc,Transparansi,Transparansi,Transparansi,Transparansi,Negatif,Negatif,Negatif,Negatif,Transparansi_Negatif,,False
not_located_in_raw_scrape,525,@kangno763,mobil Sudah dibeli dan sudah dipakai. dibuktikan dengan sudah disaksikan oleh banyak masyarakat dan media lalu dikembalikan. emang semudah itu urusannya. boleh kan kami tidak percaya?,https://www.tiktok.com/@kaltimtoday.co/video/7619557752192683271?is_from_webapp=1&sender_device=pc,https://www.tiktok.com/@kaltimtoday.co/video/7619557752192683271?is_from_webapp=1&sender_device=pc,Transparansi,Transparansi,Transparansi,Transparansi,Negatif,Negatif,Negatif,Negatif,Transparansi_Negatif,,False
not_located_in_raw_scrape,526,@ridho.14939,Klo sdh di beli kok di kembalikan.... syg pak... emang bisa dikembalikan uang nya pak... maaf klo salah.. 🙏,https://www.tiktok.com/@kaltimtoday.co/video/7619557752192683271?is_from_webapp=1&sender_device=pc,https://www.tiktok.com/@kaltimtoday.co/video/7619557752192683271?is_from_webapp=1&sender_device=pc,Transparansi,Transparansi,Responsivitas,Transparansi,Negatif,Negatif,Negatif,Negatif,Transparansi_Negatif,,False
not_located_in_raw_scrape,527,@ailapyu_5,"masa harus viral dulu, baru klarifikasi wkwk",https://www.tiktok.com/@kaltimtoday.co/video/7619557752192683271?is_from_webapp=1&sender_device=pc,https://www.tiktok.com/@kaltimtoday.co/video/7619557752192683271?is_from_webapp=1&sender_device=pc,Responsivitas,Responsivitas,Responsivitas,Responsivitas,Negatif,Negatif,Negatif,Negatif,Responsivitas_Negatif,,False
not_located_in_raw_scrape,528,@fahrriiii_,Mendengar aspirasi masyarakat apa aspirasi presiden 😂😂,https://www.tiktok.com/@kaltimtoday.co/video/7619557752192683271?is_from_webapp=1&sender_device=pc,https://www.tiktok.com/@kaltimtoday.co/video/7619557752192683271?is_from_webapp=1&sender_device=pc,Responsivitas,Responsivitas,Responsivitas,Responsivitas,Negatif,Negatif,Negatif,Negatif,Responsivitas_Negatif,,False
not_located_in_raw_scrape,529,@riumasan,"hah ""kendaraan itu digunakan untuk membangun infrastruktur"" hah wtf? itu kendaraan apa dewa apa jangan optimus",https://www.tiktok.com/@kaltimtoday.co/video/7619557752192683271?is_from_webapp=1&sender_device=pc,https://www.tiktok.com/@kaltimtoday.co/video/7619557752192683271?is_from_webapp=1&sender_device=pc,Responsivitas,Transparansi,Responsivitas,Responsivitas,Negatif,Negatif,Negatif,Negatif,Responsivitas_Negatif,,False
not_located_in_raw_scrape,530,@bintangg235,heleh... sudah seperti itu karena lu sudah dikritik sama pak prabowo,https://www.tiktok.com/@kaltimtoday.co/video/7619557752192683271?is_from_webapp=1&sender_device=pc,https://www.tiktok.com/@kaltimtoday.co/video/7619557752192683271?is_from_webapp=1&sender_device=pc,Responsivitas,Responsivitas,Responsivitas,Responsivitas,Negatif,Negatif,Negatif,Negatif,Responsivitas_Negatif,,False
not_located_in_raw_scrape,531,@sembiring_360,"sebelum di kritik? kalau tidak dikritik? lanjut part tu , 🤣 💃",https://www.tiktok.com/@kaltimtoday.co/video/7619557752192683271?is_from_webapp=1&sender_device=pc,https://www.tiktok.com/@kaltimtoday.co/video/7619557752192683271?is_from_webapp=1&sender_device=pc,Responsivitas,Responsivitas,Responsivitas,Responsivitas,Negatif,Negatif,Negatif,Negatif,Responsivitas_Negatif,,False
not_located_in_raw_scrape,532,@suantoanto6,betul sy pendukungnya pak gubernur mudah mudahan sehat2 selalu dan jgn mau terpancing akan sosmed yg membenci dan iri kepada pak gubernur dan keluarga besarnya,https://www.tiktok.com/@kaltimtoday.co/video/7619557752192683271?is_from_webapp=1&sender_device=pc,https://www.tiktok.com/@kaltimtoday.co/video/7619557752192683271?is_from_webapp=1&sender_device=pc,Akuntabilitas,Akuntabilitas,Akuntabilitas,Akuntabilitas,Positif,Positif,Positif,Positif,Akuntabilitas_Positif,,False
not_located_in_raw_scrape,533,@izzazul2010,"sdh dibeli berarti, mau dikembalikan kemana gaes?",https://www.tiktok.com/@kaltimtoday.co/video/7619557752192683271?is_from_webapp=1&sender_device=pc,https://www.tiktok.com/@kaltimtoday.co/video/7619557752192683271?is_from_webapp=1&sender_device=pc,Transparansi,Transparansi,Transparansi,Transparansi,Negatif,Negatif,Negatif,Negatif,Transparansi_Negatif,,False
not_located_in_raw_scrape,534,@lissetya0,trus kalau dibalikin gimana uangnya? bida balik brp? kalau dijual jd mobil second...siapa yg mau beli 8.5M..kok gk oake ota. wkt mengajuakannya,https://www.tiktok.com/@kaltimtoday.co/video/7619557752192683271?is_from_webapp=1&sender_device=pc,https://www.tiktok.com/@kaltimtoday.co/video/7619557752192683271?is_from_webapp=1&sender_device=pc,Transparansi,Transparansi,Transparansi,Transparansi,Negatif,Negatif,Negatif,Negatif,Transparansi_Negatif,,False
not_located_in_raw_scrape,535,@qyuqyuma,Dikembaliin doang ? Berarti idah dibeli ???,https://www.tiktok.com/@kaltimtoday.co/video/7619557752192683271?is_from_webapp=1&sender_device=pc,https://www.tiktok.com/@kaltimtoday.co/video/7619557752192683271?is_from_webapp=1&sender_device=pc,Transparansi,Transparansi,Transparansi,Transparansi,Negatif,Negatif,Negatif,Negatif,Transparansi_Negatif,,False
not_located_in_raw_scrape,536,@mcoudrey,Biar tidak seenaknya Pengadaan mobil pejabat harus di atur melalui peraturan menteri atau peraturan presiden,https://www.tiktok.com/@kaltimtoday.co/video/7619557752192683271?is_from_webapp=1&sender_device=pc,https://www.tiktok.com/@kaltimtoday.co/video/7619557752192683271?is_from_webapp=1&sender_device=pc,Efektivitas & Efisiensi,Transparansi,Efektivitas & Efisiensi,Efektivitas & Efisiensi,Negatif,Positif,Negatif,Negatif,Efektivitas & Efisiensi_Negatif,,False
not_located_in_raw_scrape,537,@cat_biyen,"pejabat² sekarang modelnya tu TES OMBAK kalau ombaknya GK ada, dilanjutkan, kalau ombaknya besar, berhenti",https://www.tiktok.com/@kupaskaltim/video/7612447205139549460?is_from_webapp=1&sender_device=pc,https://www.tiktok.com/@kupaskaltim/video/7612447205139549460?is_from_webapp=1&sender_device=pc,Responsivitas,Responsivitas,Responsivitas,Responsivitas,Negatif,Negatif,Negatif,Negatif,Responsivitas_Negatif,,False
not_located_in_raw_scrape,538,@hengky_tjong,MOBIL NYA UDH DIBELI DAN SDH ADA DIJAKRTA? TRS GMN CARA BATALKAN NYA PAK???,https://www.tiktok.com/@kupaskaltim/video/7612447205139549460?is_from_webapp=1&sender_device=pc,https://www.tiktok.com/@kupaskaltim/video/7612447205139549460?is_from_webapp=1&sender_device=pc,Transparansi,Transparansi,Transparansi,Transparansi,Negatif,Negatif,Negatif,Negatif,Transparansi_Negatif,,False
not_located_in_raw_scrape,539,viedjbozque,Kan di batalkan lewat lisan toh media doang gampang 😁kenyataannya ya tetep d antar ke Kaltim mobilnya 🤭,https://www.tiktok.com/@kupaskaltim/video/7612447205139549460?is_from_webapp=1&sender_device=pc,https://www.tiktok.com/@kupaskaltim/video/7612447205139549460?is_from_webapp=1&sender_device=pc,Transparansi,Transparansi,Transparansi,Transparansi,Negatif,Negatif,Negatif,Negatif,Transparansi_Negatif,,False
not_located_in_raw_scrape,540,da65914,klo gk di telpon kemendagri mngkn lolos itu barang🤣🤣...dpr sebagai wakil rakyat nyaris gk berfungsi...😂😂,https://www.tiktok.com/@kupaskaltim/video/7612447205139549460?is_from_webapp=1&sender_device=pc,https://www.tiktok.com/@kupaskaltim/video/7612447205139549460?is_from_webapp=1&sender_device=pc,Responsivitas,Responsivitas,Responsivitas,Responsivitas,Negatif,Negatif,Negatif,Negatif,Responsivitas_Negatif,,False
not_located_in_raw_scrape,541,ikhsaninha2017,wah mantap kalau bgitu sekarang kalau ada pejabat yg neko-neko memang harus d viralin,https://www.tiktok.com/@kupaskaltim/video/7612447205139549460?is_from_webapp=1&sender_device=pc,https://www.tiktok.com/@kupaskaltim/video/7612447205139549460?is_from_webapp=1&sender_device=pc,Responsivitas,Responsivitas,Responsivitas,Responsivitas,Negatif,Positif,Negatif,Negatif,Responsivitas_Negatif,,False
not_located_in_raw_scrape,542,lostqjuhk,"ini ma takut karena Sekjend partai meminta, kemarin2 suara rakyat kaltim katanya demi marwah kaltim, apa Gubernur hanya mau dengar suara partainya atau suara masyarakatnya sendiri😏",https://www.tiktok.com/@kupaskaltim/video/7612447205139549460?is_from_webapp=1&sender_device=pc,https://www.tiktok.com/@kupaskaltim/video/7612447205139549460?is_from_webapp=1&sender_device=pc,Responsivitas,Responsivitas,Akuntabilitas,Responsivitas,Negatif,Negatif,Negatif,Negatif,Responsivitas_Negatif,,False
not_located_in_raw_scrape,543,juhaedi_suwardi,Na ini baru betul kami warga kaltim pribumi bukan mmbenci pejabat tapi sangat d sayangkan klu lbh mngutamakan kpentingan petinggi dripada kpntingan masyarakat 🙏🏻,https://www.tiktok.com/@kupaskaltim/video/7612447205139549460?is_from_webapp=1&sender_device=pc,https://www.tiktok.com/@kupaskaltim/video/7612447205139549460?is_from_webapp=1&sender_device=pc,Responsivitas,Responsivitas,Responsivitas,Responsivitas,Negatif,Positif,Negatif,Negatif,Responsivitas_Negatif,,False
not_located_in_raw_scrape,544,asmiahachmad,Alhamdulillah bisa mendengar kritikan dari masyarakat dan mengambil keputusan yg bijak.,https://www.tiktok.com/@kupaskaltim/video/7612447205139549460?is_from_webapp=1&sender_device=pc,https://www.tiktok.com/@kupaskaltim/video/7612447205139549460?is_from_webapp=1&sender_device=pc,Responsivitas,Responsivitas,Responsivitas,Responsivitas,Positif,Positif,Positif,Positif,Responsivitas_Positif,,False
not_located_in_raw_scrape,545,brigade902,"Ciiiieeeeee.... , setelah terjadi kegaduhan mobilnya dikembalikan.....😁😁😁😁😁",https://www.tiktok.com/@kupaskaltim/video/7612447205139549460?is_from_webapp=1&sender_device=pc,https://www.tiktok.com/@kupaskaltim/video/7612447205139549460?is_from_webapp=1&sender_device=pc,Responsivitas,Responsivitas,Responsivitas,Responsivitas,Negatif,Negatif,Negatif,Negatif,Responsivitas_Negatif,,False
not_located_in_raw_scrape,546,basoacifitriv1,kalo ndak heboh dan viral pasti ente tetap jalan bro,https://www.tiktok.com/@kupaskaltim/video/7612447205139549460?is_from_webapp=1&sender_device=pc,https://www.tiktok.com/@kupaskaltim/video/7612447205139549460?is_from_webapp=1&sender_device=pc,Responsivitas,Responsivitas,Responsivitas,Responsivitas,Negatif,Negatif,Negatif,Negatif,Responsivitas_Negatif,,False
not_located_in_raw_scrape,547,moeljikoen,siap pak gubernur..terima kasih atas semua kesadaran..kita hanya manusia biasa yang tak pernah luput dari kesalahan..lanjutkan 2 priode..kami tetap mendukungmu..,https://www.tiktok.com/@kupaskaltim/video/7612447205139549460?is_from_webapp=1&sender_device=pc,https://www.tiktok.com/@kupaskaltim/video/7612447205139549460?is_from_webapp=1&sender_device=pc,Responsivitas,Akuntabilitas,Responsivitas,Responsivitas,Positif,Positif,Positif,Positif,Responsivitas_Positif,,False
not_located_in_raw_scrape,548,fransumbas7,klu uda ribut dan ketahuan baru membatalkan dan minta maaf. sebelumnya harus pikir dulu pak,https://www.tiktok.com/@kupaskaltim/video/7612447205139549460?is_from_webapp=1&sender_device=pc,https://www.tiktok.com/@kupaskaltim/video/7612447205139549460?is_from_webapp=1&sender_device=pc,Responsivitas,Responsivitas,Responsivitas,Responsivitas,Negatif,Negatif,Negatif,Negatif,Responsivitas_Negatif,,False
not_located_in_raw_scrape,549,kang.suwun.2,knpa sih harus di kritik dulu baru berfikir.....,https://www.tiktok.com/@kupaskaltim/video/7612447205139549460?is_from_webapp=1&sender_device=pc,https://www.tiktok.com/@kupaskaltim/video/7612447205139549460?is_from_webapp=1&sender_device=pc,Responsivitas,Responsivitas,Responsivitas,Responsivitas,Negatif,Negatif,Negatif,Negatif,Responsivitas_Negatif,,False
not_located_in_raw_scrape,550,elishaaa04,kalau g viral g batal,https://www.tiktok.com/@kupaskaltim/video/7612447205139549460?is_from_webapp=1&sender_device=pc,https://www.tiktok.com/@kupaskaltim/video/7612447205139549460?is_from_webapp=1&sender_device=pc,Responsivitas,Responsivitas,Responsivitas,Responsivitas,Negatif,Negatif,Negatif,Negatif,Responsivitas_Negatif,,False
not_located_in_raw_scrape,551,tauhidhizam,"lahhh nnti di viral in kah pak, Bru sadar keresahan masyarakat di bwh",https://www.tiktok.com/@kupaskaltim/video/7612447205139549460?is_from_webapp=1&sender_device=pc,https://www.tiktok.com/@kupaskaltim/video/7612447205139549460?is_from_webapp=1&sender_device=pc,Responsivitas,Responsivitas,Responsivitas,Responsivitas,Negatif,Negatif,Negatif,Negatif,Responsivitas_Negatif,,False
not_located_in_raw_scrape,552,burhan.riordan,SDH PIRAL BARU DI BATALKAN HEDEE.,https://www.tiktok.com/@kupaskaltim/video/7612447205139549460?is_from_webapp=1&sender_device=pc,https://www.tiktok.com/@kupaskaltim/video/7612447205139549460?is_from_webapp=1&sender_device=pc,Responsivitas,Responsivitas,Responsivitas,Responsivitas,Negatif,Negatif,Negatif,Negatif,Responsivitas_Negatif,,False
not_located_in_raw_scrape,553,bari6820,gitu aja kalau rakyat gk teriak2 gk mikir,https://www.tiktok.com/@kupaskaltim/video/7612447205139549460?is_from_webapp=1&sender_device=pc,https://www.tiktok.com/@kupaskaltim/video/7612447205139549460?is_from_webapp=1&sender_device=pc,Responsivitas,Responsivitas,Responsivitas,Responsivitas,Negatif,Negatif,Negatif,Negatif,Responsivitas_Negatif,,False
not_located_in_raw_scrape,554,campione37,"viral dulu baru ada pernyataan membatalkan mobil dinas 8,5 M🤣🤣🤣🤣",https://www.tiktok.com/@kupaskaltim/video/7612447205139549460?is_from_webapp=1&sender_device=pc,https://www.tiktok.com/@kupaskaltim/video/7612447205139549460?is_from_webapp=1&sender_device=pc,Responsivitas,Responsivitas,Responsivitas,Responsivitas,Negatif,Negatif,Negatif,Negatif,Responsivitas_Negatif,,False
not_located_in_raw_scrape,555,cellae77,giliran ga jadi beli mobil berita di up... kemaren2 pas mau beli mobil pake dana APBD beritanya nda ad yg mau up🤦🤦,https://www.tiktok.com/@kupaskaltim/video/7612447205139549460?is_from_webapp=1&sender_device=pc,https://www.tiktok.com/@kupaskaltim/video/7612447205139549460?is_from_webapp=1&sender_device=pc,Transparansi,Transparansi,Transparansi,Transparansi,Negatif,Negatif,Negatif,Negatif,Transparansi_Negatif,,False
not_located_in_raw_scrape,556,katarinawidodo,"Klo dah di beli,mobilnya untuk apa dan utk siapa pak, klo di jual ya rugi dong, trs kerugiannya siapa yg nanggung",https://www.tiktok.com/@kupaskaltim/video/7612447205139549460?is_from_webapp=1&sender_device=pc,https://www.tiktok.com/@kupaskaltim/video/7612447205139549460?is_from_webapp=1&sender_device=pc,Transparansi,Transparansi,Transparansi,Transparansi,Negatif,Negatif,Negatif,Negatif,Transparansi_Negatif,,False
not_located_in_raw_scrape,557,leobanyuwangi72,"emang bisa di balikin kalau udah di beli,di balikin dengan harga 2,3m,rugi dong",https://www.tiktok.com/@kupaskaltim/video/7612447205139549460?is_from_webapp=1&sender_device=pc,https://www.tiktok.com/@kupaskaltim/video/7612447205139549460?is_from_webapp=1&sender_device=pc,Transparansi,Transparansi,Transparansi,Transparansi,Negatif,Negatif,Negatif,Negatif,Transparansi_Negatif,,False
not_located_in_raw_scrape,558,petot7360,"gitu dong, kalo ga ada kritik akan ttp dilanjutin... 🤣",https://www.tiktok.com/@kupaskaltim/video/7612447205139549460?is_from_webapp=1&sender_device=pc,https://www.tiktok.com/@kupaskaltim/video/7612447205139549460?is_from_webapp=1&sender_device=pc,Responsivitas,Responsivitas,Responsivitas,Responsivitas,Negatif,Negatif,Negatif,Negatif,Responsivitas_Negatif,,False
not_located_in_raw_scrape,560,daydayat093,MANA BISA DIKEMBALIKAN. ITU SDH JADI BARANG SEKEN.,https://www.tiktok.com/@kompastv_jateng/video/7613321888445615381?q=pengembalian%20mobil%20dinas%20gubernur%20kaltim&t=1782020326232,https://www.tiktok.com/@kompastv_jateng/video/7613321888445615381?q=pengembalian%20mobil%20dinas%20gubernur%20kaltim&t=1782020326232,Transparansi,Transparansi,Transparansi,Transparansi,Negatif,Negatif,Negatif,Negatif,Transparansi_Negatif,,False
not_located_in_raw_scrape,561,darto.juragan.som,"mobil udh terlanjur di beli, klopun dikembalikan ke dealer nya pasti hrg nya tinggal 5 M an 🤣",https://www.tiktok.com/@kompastv_jateng/video/7613321888445615381?q=pengembalian%20mobil%20dinas%20gubernur%20kaltim&t=1782020326233,https://www.tiktok.com/@kompastv_jateng/video/7613321888445615381?q=pengembalian%20mobil%20dinas%20gubernur%20kaltim&t=1782020326233,Transparansi,Transparansi,Transparansi,Transparansi,Negatif,Negatif,Negatif,Negatif,Transparansi_Negatif,,False
not_located_in_raw_scrape,562,fitriwahyuni029,mobil dikembalikan uang full .berrti uangnya ada.kalo sampe jalannya GK diperbaiki harus dipertanyakan buat apa dan kemna uangnya,https://www.tiktok.com/@kompastv_jateng/video/7613321888445615381?q=pengembalian%20mobil%20dinas%20gubernur%20kaltim&t=1782020326234,https://www.tiktok.com/@kompastv_jateng/video/7613321888445615381?q=pengembalian%20mobil%20dinas%20gubernur%20kaltim&t=1782020326234,Transparansi,Transparansi,Transparansi,Transparansi,Negatif,Negatif,Negatif,Negatif,Transparansi_Negatif,,False
not_located_in_raw_scrape,563,yong.ik,jd sdh dikembalikan mobil 8.5M... mobil itu mau diapain? ga jadi duit juga... tetap rugi lah,https://www.tiktok.com/@kompastv_jateng/video/7613321888445615381?q=pengembalian%20mobil%20dinas%20gubernur%20kaltim&t=1782020326235,https://www.tiktok.com/@kompastv_jateng/video/7613321888445615381?q=pengembalian%20mobil%20dinas%20gubernur%20kaltim&t=1782020326235,Transparansi,Transparansi,Transparansi,Transparansi,Negatif,Negatif,Negatif,Negatif,Transparansi_Negatif,,False
not_located_in_raw_scrape,564,ucup_curut02,"kira² penyedia jasa ngembaliin utuh apa di kurangi, klo utuh apa ngk rugi??",https://www.tiktok.com/@kompastv_jateng/video/7613321888445615381?q=pengembalian%20mobil%20dinas%20gubernur%20kaltim&t=1782020326236,https://www.tiktok.com/@kompastv_jateng/video/7613321888445615381?q=pengembalian%20mobil%20dinas%20gubernur%20kaltim&t=1782020326236,Transparansi,Transparansi,Transparansi,Transparansi,Negatif,Negatif,Negatif,Negatif,Transparansi_Negatif,,False
not_located_in_raw_scrape,565,zefanonathan,sesudah pengembalian langsung di cek aja pemasukannya,https://www.tiktok.com/@kompastv_jateng/video/7613321888445615381?q=pengembalian%20mobil%20dinas%20gubernur%20kaltim&t=1782020326237,https://www.tiktok.com/@kompastv_jateng/video/7613321888445615381?q=pengembalian%20mobil%20dinas%20gubernur%20kaltim&t=1782020326237,Transparansi,Transparansi,Transparansi,Transparansi,Negatif,Negatif,Negatif,Negatif,Transparansi_Negatif,,False
not_located_in_raw_scrape,566,ormajem,gak mungkin duitnya dikembalikan 100% sudah pasti kerugian sudah,https://www.tiktok.com/@kompastv_jateng/video/7613321888445615381?q=pengembalian%20mobil%20dinas%20gubernur%20kaltim&t=1782020326238,https://www.tiktok.com/@kompastv_jateng/video/7613321888445615381?q=pengembalian%20mobil%20dinas%20gubernur%20kaltim&t=1782020326238,Transparansi,Transparansi,Transparansi,Transparansi,Negatif,Negatif,Negatif,Negatif,Transparansi_Negatif,,False
not_located_in_raw_scrape,567,luisstevan,pantau trus msarakat kaltim...apa betul di kembalian👍👍👍😅😅😅😅,https://www.tiktok.com/@kompastv_jateng/video/7613321888445615381?q=pengembalian%20mobil%20dinas%20gubernur%20kaltim&t=1782020326239,https://www.tiktok.com/@kompastv_jateng/video/7613321888445615381?q=pengembalian%20mobil%20dinas%20gubernur%20kaltim&t=1782020326239,Transparansi,Responsivitas,Transparansi,Transparansi,Negatif,Negatif,Negatif,Negatif,Transparansi_Negatif,,False
not_located_in_raw_scrape,568,dedeilham3236,giliran dh viral baru di kembalikan kmren2 kmna aja masa hrs viral dlu,https://www.tiktok.com/@kompastv_jateng/video/7613321888445615381?q=pengembalian%20mobil%20dinas%20gubernur%20kaltim&t=1782020326240,https://www.tiktok.com/@kompastv_jateng/video/7613321888445615381?q=pengembalian%20mobil%20dinas%20gubernur%20kaltim&t=1782020326240,Responsivitas,Responsivitas,Responsivitas,Responsivitas,Negatif,Negatif,Negatif,Negatif,Responsivitas_Negatif,,False
not_located_in_raw_scrape,570,intoniswan,"itu mobil sudah jadi aset daerah, kalau dikembalikan itu artinya penghapusan aset, menghapusnya haru minta persetujuan dprd kaltim dan kemendagri, untuk harganya ditaksir bpk.",https://www.tiktok.com/@media_kaltim/video/7614587024414264596?q=pengembalian%20mobil%20dinas%20gubernur%20kaltim&t=1782036551570,https://www.tiktok.com/@media_kaltim/video/7614587024414264596?q=pengembalian%20mobil%20dinas%20gubernur%20kaltim&t=1782036551570,Transparansi,Transparansi,Transparansi,Transparansi,Positif,Negatif,Positif,Positif,Transparansi_Positif,,False
not_located_in_raw_scrape,571,julakuchup99,"Tau Kah Mekanisme Pengbalian Mobil Gimana? Mobil Udah Masuk Barang Second Jadi Harus Melalui Lelang Terbuka, Bukan Asal Main Balikin Aja Dikira Beli Baju Kah Bisa Dibalikin Semudah Itu",https://www.tiktok.com/@media_kaltim/video/7614587024414264596?q=pengembalian%20mobil%20dinas%20gubernur%20kaltim&t=1782036551570,https://www.tiktok.com/@media_kaltim/video/7614587024414264596?q=pengembalian%20mobil%20dinas%20gubernur%20kaltim&t=1782036551570,Transparansi,Transparansi,Transparansi,Transparansi,Negatif,Negatif,Negatif,Negatif,Transparansi_Negatif,,False
not_located_in_raw_scrape,572,de_bogel86,Harus transparant tunjukan bukti pembatalan dan transparasi anggaran sebelum kepakai dan setelah kepakai itu sesuai nominalnya gk,https://www.tiktok.com/@media_kaltim/video/7614587024414264596?q=pengembalian%20mobil%20dinas%20gubernur%20kaltim&t=1782036551571,https://www.tiktok.com/@media_kaltim/video/7614587024414264596?q=pengembalian%20mobil%20dinas%20gubernur%20kaltim&t=1782036551571,Transparansi,Transparansi,Transparansi,Transparansi,Negatif,Negatif,Negatif,Negatif,Transparansi_Negatif,,False
not_located_in_raw_scrape,573,irvan1984l,jangan cmn ngomong doang bu sekda kaltim kasi liat buktinya pengembalian k publik,https://www.tiktok.com/@media_kaltim/video/7614587024414264596?q=pengembalian%20mobil%20dinas%20gubernur%20kaltim&t=1782036551571,https://www.tiktok.com/@media_kaltim/video/7614587024414264596?q=pengembalian%20mobil%20dinas%20gubernur%20kaltim&t=1782036551571,Transparansi,Transparansi,Transparansi,Transparansi,Negatif,Negatif,Negatif,Negatif,Transparansi_Negatif,,False
not_located_in_raw_scrape,574,h_71sty87,"di kembalikan kemana,, ke dialer,, itu yg harus di pertegas, atau di kembalikan ke pemda,,",https://www.tiktok.com/@ejen_randa92/photo/7613594360076274951?q=pengembalian%20mobil%20dinas%20gubernur%20kaltim&t=1782036551570,https://www.tiktok.com/@ejen_randa92/photo/7613594360076274951?q=pengembalian%20mobil%20dinas%20gubernur%20kaltim&t=1782036551570,Transparansi,Transparansi,Transparansi,Transparansi,Negatif,Negatif,Negatif,Negatif,Transparansi_Negatif,,False
not_located_in_raw_scrape,575,agungunardiansya8,emang bisa mobil yg sudah dibeli bisa dikembalikan wkkwkwkw😂,https://www.tiktok.com/@ejen_randa92/photo/7613594360076274951?q=pengembalian%20mobil%20dinas%20gubernur%20kaltim&t=1782036551570,https://www.tiktok.com/@ejen_randa92/photo/7613594360076274951?q=pengembalian%20mobil%20dinas%20gubernur%20kaltim&t=1782036551570,Transparansi,Transparansi,Transparansi,Transparansi,Negatif,Negatif,Negatif,Negatif,Transparansi_Negatif,,False
not_located_in_raw_scrape,576,putracakrawala731,"Ya walaupun bisa dikembalikan, harganya sdh anjlok banget,,🤣🤣 gk mungkin uang anggarannya bisa kembali 100%,,!!!😆😆🤣",https://www.tiktok.com/@infobenua/video/7612505722160549141?q=kembalikan%20mobil%20dinas%20kaltim&t=1782037779489,https://www.tiktok.com/@infobenua/video/7612505722160549141?q=kembalikan%20mobil%20dinas%20kaltim&t=1782037779489,Transparansi,Transparansi,Transparansi,Transparansi,Negatif,Negatif,Negatif,Negatif,Transparansi_Negatif,,False
not_located_in_raw_scrape,577,uwenk74,nah kalo di kembalikan anggaran jd sisa berapa coba ngak mungkin donk barang sdh keluar dari penjual trus di kembalikan dengan harga yang sama,https://www.tiktok.com/@infobenua/video/7612505722160549141?q=kembalikan%20mobil%20dinas%20kaltim&t=1782037779489,https://www.tiktok.com/@infobenua/video/7612505722160549141?q=kembalikan%20mobil%20dinas%20kaltim&t=1782037779489,Transparansi,Transparansi,Transparansi,Transparansi,Negatif,Negatif,Negatif,Negatif,Transparansi_Negatif,,False
not_located_in_raw_scrape,578,barikade007,no viral.. no action,https://www.tiktok.com/@infobenua/video/7612505722160549141?q=kembalikan%20mobil%20dinas%20kaltim&t=1782037779489,https://www.tiktok.com/@infobenua/video/7612505722160549141?q=kembalikan%20mobil%20dinas%20kaltim&t=1782037779489,Responsivitas,Responsivitas,Responsivitas,Responsivitas,Negatif,Negatif,Negatif,Negatif,Responsivitas_Negatif,,False
not_located_in_raw_scrape,579,widodo.budi.santo67,"dikembalikan karena ditegur ditekan mendagri, bukan karena desakan dari masyarakat",https://www.tiktok.com/@infobenua/video/7612505722160549141?q=kembalikan%20mobil%20dinas%20kaltim&t=1782037779489,https://www.tiktok.com/@infobenua/video/7612505722160549141?q=kembalikan%20mobil%20dinas%20kaltim&t=1782037779489,Responsivitas,Responsivitas,Responsivitas,Responsivitas,Negatif,Negatif,Negatif,Negatif,Responsivitas_Negatif,,False
not_located_in_raw_scrape,580,dayak_81,kalau tidak viral ga bakalan dikembalikan...,https://www.tiktok.com/@infobenua/video/7612505722160549141?q=kembalikan%20mobil%20dinas%20kaltim&t=1782037779489,https://www.tiktok.com/@infobenua/video/7612505722160549141?q=kembalikan%20mobil%20dinas%20kaltim&t=1782037779489,Responsivitas,Responsivitas,Responsivitas,Responsivitas,Negatif,Negatif,Negatif,Negatif,Responsivitas_Negatif,,False
not_located_in_raw_scrape,581,lintang.t.y,"harus bngt nunggu rame dlu , baru di balikin😅🤣",https://www.tiktok.com/@infobenua/video/7612505722160549141?q=kembalikan%20mobil%20dinas%20kaltim&t=1782037779489,https://www.tiktok.com/@infobenua/video/7612505722160549141?q=kembalikan%20mobil%20dinas%20kaltim&t=1782037779489,Responsivitas,Responsivitas,Responsivitas,Responsivitas,Negatif,Negatif,Negatif,Negatif,Responsivitas_Negatif,,False
not_located_in_raw_scrape,582,ade_ade89,percaya g mobil nya di kembalikan,https://www.tiktok.com/@infobenua/video/7612505722160549141?q=kembalikan%20mobil%20dinas%20kaltim&t=1782037779489,https://www.tiktok.com/@infobenua/video/7612505722160549141?q=kembalikan%20mobil%20dinas%20kaltim&t=1782037779489,Transparansi,Transparansi,Transparansi,Transparansi,Negatif,Negatif,Negatif,Negatif,Transparansi_Negatif,,False
not_located_in_raw_scrape,583,vwxyz230,‘Mengembalikan’ nih maksudnya gimanee brook,https://www.tiktok.com/@infobenua/video/7612505722160549141?q=kembalikan%20mobil%20dinas%20kaltim&t=1782037779489,https://www.tiktok.com/@infobenua/video/7612505722160549141?q=kembalikan%20mobil%20dinas%20kaltim&t=1782037779489,Transparansi,Transparansi,Transparansi,Transparansi,Negatif,Negatif,Negatif,Negatif,Transparansi_Negatif,,False
not_located_in_raw_scrape,584,aisyahfahra991,uangnya bisa utuh kembali g? jgn2 mobil nganggur dana terlanjur keluar,https://www.tiktok.com/@infobenua/video/7612505722160549141?q=kembalikan%20mobil%20dinas%20kaltim&t=1782037779489,https://www.tiktok.com/@infobenua/video/7612505722160549141?q=kembalikan%20mobil%20dinas%20kaltim&t=1782037779489,Transparansi,Transparansi,Transparansi,Transparansi,Negatif,Negatif,Negatif,Negatif,Transparansi_Negatif,,False
not_located_in_raw_scrape,585,abdslm17,setelah rame br di kembalikan,https://www.tiktok.com/@infobenua/video/7612505722160549141?q=kembalikan%20mobil%20dinas%20kaltim&t=1782037779489,https://www.tiktok.com/@infobenua/video/7612505722160549141?q=kembalikan%20mobil%20dinas%20kaltim&t=1782037779489,Responsivitas,Responsivitas,Responsivitas,Responsivitas,Negatif,Negatif,Negatif,Negatif,Responsivitas_Negatif,,False
not_located_in_raw_scrape,586,ferrisusanto1976,viral... jd dikembalikan.. 😂😂😂,https://www.tiktok.com/@infobenua/video/7612505722160549141?q=kembalikan%20mobil%20dinas%20kaltim&t=1782037779489,https://www.tiktok.com/@infobenua/video/7612505722160549141?q=kembalikan%20mobil%20dinas%20kaltim&t=1782037779489,Responsivitas,Responsivitas,Responsivitas,Responsivitas,Negatif,Negatif,Negatif,Negatif,Responsivitas_Negatif,,False
not_located_in_raw_scrape,587,cahbagus_555,NUNGGU VIRAL!,https://www.tiktok.com/@infobenua/video/7612505722160549141?q=kembalikan%20mobil%20dinas%20kaltim&t=1782037779489,https://www.tiktok.com/@infobenua/video/7612505722160549141?q=kembalikan%20mobil%20dinas%20kaltim&t=1782037779489,Responsivitas,Responsivitas,Responsivitas,Responsivitas,Negatif,Negatif,Negatif,Negatif,Responsivitas_Negatif,,False
not_located_in_raw_scrape,588,anisipa85,"yakin d kmblikn?? omong doang,g liat in dan g ada buktix klo mbilx d kmblikn",https://www.tiktok.com/@infobenua/video/7612505722160549141?q=kembalikan%20mobil%20dinas%20kaltim&t=1782037779489,https://www.tiktok.com/@infobenua/video/7612505722160549141?q=kembalikan%20mobil%20dinas%20kaltim&t=1782037779489,Transparansi,Transparansi,Transparansi,Transparansi,Negatif,Negatif,Negatif,Negatif,Transparansi_Negatif,,False
not_located_in_raw_scrape,589,agust5758,"mobil sdh di beli dikembalikan?, pertanyaan-nya, apakah dealer mobil tsbt mau? kan terhitung 2nd?",https://www.tiktok.com/@kupaskaltim/photo/7612307523311340821?q=kembalikan%20mobil%20dinas%20kaltim&t=1782037779489,https://www.tiktok.com/@kupaskaltim/photo/7612307523311340821?q=kembalikan%20mobil%20dinas%20kaltim&t=1782037779489,Transparansi,Transparansi,Transparansi,Transparansi,Negatif,Negatif,Negatif,Negatif,Transparansi_Negatif,,False
not_located_in_raw_scrape,590,riezha994,"Mobilnya dikembalikan trus duitnya? Emang mau dealer main retur gitu aja, lawak 😂😂😂",https://www.tiktok.com/@kupaskaltim/photo/7612307523311340821?q=kembalikan%20mobil%20dinas%20kaltim&t=1782037779489,https://www.tiktok.com/@kupaskaltim/photo/7612307523311340821?q=kembalikan%20mobil%20dinas%20kaltim&t=1782037779489,Transparansi,Transparansi,Transparansi,Transparansi,Negatif,Negatif,Negatif,Negatif,Transparansi_Negatif,,False
not_located_in_raw_scrape,591,kusnanto7812,itu karna viral aja,https://www.tiktok.com/@kupaskaltim/photo/7612307523311340821?q=kembalikan%20mobil%20dinas%20kaltim&t=1782037779489,https://www.tiktok.com/@kupaskaltim/photo/7612307523311340821?q=kembalikan%20mobil%20dinas%20kaltim&t=1782037779489,Responsivitas,Responsivitas,Responsivitas,Responsivitas,Negatif,Negatif,Negatif,Negatif,Responsivitas_Negatif,,False
not_located_in_raw_scrape,592,suryanto_smd,karna rame anjay makanya baru di respon hahaha,https://www.tiktok.com/@kupaskaltim/photo/7612307523311340821?q=kembalikan%20mobil%20dinas%20kaltim&t=1782037779489,https://www.tiktok.com/@kupaskaltim/photo/7612307523311340821?q=kembalikan%20mobil%20dinas%20kaltim&t=1782037779489,Responsivitas,Responsivitas,Responsivitas,Responsivitas,Negatif,Negatif,Negatif,Negatif,Responsivitas_Negatif,,False
not_located_in_raw_scrape,603,@fanz6953,kacauu udh viral aja nih gubernur kebanggan masyarakat hasil 200rb wkwkwk,https://www.tiktok.com/@detik.lebak/video/7612096372824608008,https://www.tiktok.com/@detik.lebak/video/7612096372824608008,Akuntabilitas,Responsivitas,Akuntabilitas,Akuntabilitas,Negatif,Negatif,Negatif,Negatif,Akuntabilitas_Negatif,,False
not_located_in_raw_scrape,611,@walencoklat,"jgn hanya disindir pak, lngsung aj di tindak",https://www.tiktok.com/@beritasatuofficial/video/7619163357022997780,https://www.tiktok.com/@beritasatuofficial/video/7619163357022997780,Akuntabilitas,Responsivitas,Akuntabilitas,Akuntabilitas,Negatif,Negatif,Negatif,Negatif,Akuntabilitas_Negatif,,False
not_located_in_raw_scrape,613,@aditya.wiranata,hanya 700jt. 700jt itu aj udh sangat mahall,https://www.tiktok.com/@beritasatuofficial/video/7619163357022997780,https://www.tiktok.com/@beritasatuofficial/video/7619163357022997780,Efektivitas & Efisiensi,Efektivitas & Efisiensi,Akuntabilitas,Efektivitas & Efisiensi,Negatif,Negatif,Negatif,Negatif,Efektivitas & Efisiensi_Negatif,,False
not_located_in_raw_scrape,615,@yogijuliana2,di respon gk tu sama pusat langsung.,https://www.tiktok.com/@fans_pak_prabowo/video/7621100320243928341,https://www.tiktok.com/@fans_pak_prabowo/video/7621100320243928341,Responsivitas,Akuntabilitas,Responsivitas,Responsivitas,Negatif,Negatif,Negatif,Negatif,Responsivitas_Negatif,,False
not_located_in_raw_scrape,617,@viona_octalani,semngat pak pejabat gitu hrus segera di tindak,https://www.tiktok.com/@fans_pak_prabowo/video/7621100320243928341,https://www.tiktok.com/@fans_pak_prabowo/video/7621100320243928341,Akuntabilitas,Akuntabilitas,Akuntabilitas,Akuntabilitas,Negatif,Negatif,Negatif,Negatif,Akuntabilitas_Negatif,,False
not_located_in_raw_scrape,633,@locoloco767,enak bget ngomogmobil dinas sebagai marwah,https://www.tiktok.com/@metropolitan.id/video/7610646870599175445,https://www.tiktok.com/@metropolitan.id/video/7610646870599175445,Akuntabilitas,Akuntabilitas,Akuntabilitas,Akuntabilitas,Negatif,Positif,Positif,Positif,Akuntabilitas_Positif,,False
not_located_in_raw_scrape,634,@jumparli.sihotang,miris punya kepala daerah kyk gini,https://www.tiktok.com/@metropolitan.id/video/7610646870599175445,https://www.tiktok.com/@metropolitan.id/video/7610646870599175445,Akuntabilitas,Akuntabilitas,Akuntabilitas,Akuntabilitas,Negatif,Negatif,Negatif,Negatif,Akuntabilitas_Negatif,,False
not_located_in_raw_scrape,685,@madi.study,malu pak udh viral beritanya dimana2,https://www.tiktok.com/@sigit_sugiana/video/7612287428258237704,https://www.tiktok.com/@sigit_sugiana/video/7612287428258237704,Akuntabilitas,Akuntabilitas,Akuntabilitas,Akuntabilitas,Negatif,Negatif,Negatif,Negatif,Akuntabilitas_Negatif,,False
not_located_in_raw_scrape,722,@leo_macan,disindir dlu kanda baru klarif wkwk,https://www.tiktok.com/@morrodin88/video/7611104729929747733,https://www.tiktok.com/@morrodin88/video/7611104729929747733,Responsivitas,Responsivitas,Responsivitas,Responsivitas,Negatif,Negatif,Negatif,Negatif,Responsivitas_Negatif,,False
not_located_in_raw_scrape,765,@andrebung7,kelian percaya itu mobil sudah di kembalikan?,https://www.tiktok.com/@kompastv_jateng/video/7613321888445615381,https://www.tiktok.com/@kompastv_jateng/video/7613321888445615381,Transparansi,Transparansi,Transparansi,Transparansi,Negatif,Negatif,Negatif,Negatif,Transparansi_Negatif,,False
not_located_in_raw_scrape,767,@ereen899,aneh gubernur kaltim 3-5,https://www.tiktok.com/@kompastv_jateng/video/7613321888445615381,https://www.tiktok.com/@kompastv_jateng/video/7613321888445615381,Akuntabilitas,Akuntabilitas,Akuntabilitas,Akuntabilitas,Negatif,Negatif,Negatif,Negatif,Akuntabilitas_Negatif,,False
not_located_in_raw_scrape,770,@haryan_smith,"definisi ""alakadar"" nya apa ya? itu buat marwah kaltim ato marwah anda???",https://www.tiktok.com/@wglobalmedia/video/7610699657475329298,https://www.tiktok.com/@wglobalmedia/video/7610699657475329298,Akuntabilitas,Akuntabilitas,Akuntabilitas,Akuntabilitas,Negatif,Negatif,Negatif,Negatif,Akuntabilitas_Negatif,,False
not_located_in_raw_scrape,777,@cyucswchys,Di sindir dlu bru klarifikasi wkwkwk😹😭 3-2,https://www.tiktok.com/@wargawargi2025/video/7619281381293755669,https://www.tiktok.com/@wargawargi2025/video/7619281381293755669,Responsivitas,Responsivitas,Responsivitas,Responsivitas,Negatif,Negatif,Negatif,Negatif,Responsivitas_Negatif,,False
not_located_in_raw_scrape,778,@masshafizh25,padahal kan pakai mobil maung jg bisa,https://www.tiktok.com/@wargawargi2025/video/7619281381293755669,https://www.tiktok.com/@wargawargi2025/video/7619281381293755669,Efektivitas & Efisiensi,Efektivitas & Efisiensi,Efektivitas & Efisiensi,Efektivitas & Efisiensi,Negatif,Positif,Positif,Positif,Efektivitas & Efisiensi_Positif,,False
not_located_in_raw_scrape,780,@ravin.cent,cuman 700 jt enteng bgett ngomongnya mobil cuma 700jt,https://www.tiktok.com/@wargawargi2025/video/7619281381293755669,https://www.tiktok.com/@wargawargi2025/video/7619281381293755669,Efektivitas & Efisiensi,Efektivitas & Efisiensi,Efektivitas & Efisiensi,Efektivitas & Efisiensi,Negatif,Negatif,Negatif,Negatif,Efektivitas & Efisiensi_Negatif,,False
not_located_in_raw_scrape,782,@achmadarlin_12,harus transparan dong jelasin mobilnya,https://www.tiktok.com/@millenialzkece/video/7621132387426061575,https://www.tiktok.com/@millenialzkece/video/7621132387426061575,Transparansi,Transparansi,Transparansi,Transparansi,Negatif,Negatif,Negatif,Negatif,Transparansi_Negatif,,False
not_located_in_raw_scrape,783,@uu1425275182527hsjsh,"gw fokus ke sini gara2 pak presiden nyinggung tu kepala daerah beli mobil dinas 8,5m",https://www.tiktok.com/@millenialzkece/video/7621132387426061575,https://www.tiktok.com/@millenialzkece/video/7621132387426061575,Responsivitas,Responsivitas,Responsivitas,Responsivitas,Negatif,Negatif,Negatif,Negatif,Responsivitas_Negatif,,False
not_located_in_raw_scrape,784,@amiraarowr_,"singkat aja gubernur kaltim semaunya aja mentang2 ya btul sudah di tentukan sama kemendagri spesifiknya tentang mobil dinas, tapi ya gk juga yang 8.5m anjayyyyy",https://www.tiktok.com/@millenialzkece/video/7621132387426061575,https://www.tiktok.com/@millenialzkece/video/7621132387426061575,Akuntabilitas,Akuntabilitas,Akuntabilitas,Akuntabilitas,Negatif,Negatif,Negatif,Negatif,Akuntabilitas_Negatif,,False
not_located_in_raw_scrape,785,@r.i.s.k.i55,"Parobowo ni bosss, berani nyinggung tu rudy masud",https://www.tiktok.com/@millenialzkece/video/7621132387426061575,https://www.tiktok.com/@millenialzkece/video/7621132387426061575,Akuntabilitas,Responsivitas,Responsivitas,Responsivitas,Positif,Positif,Positif,Positif,Responsivitas_Positif,,False
not_located_in_raw_scrape,786,@ptrtliaa_,Harus di usut pak itu mobilnya,https://www.tiktok.com/@millenialzkece/video/7621132387426061575,https://www.tiktok.com/@millenialzkece/video/7621132387426061575,Akuntabilitas,Akuntabilitas,Akuntabilitas,Akuntabilitas,Negatif,Negatif,Negatif,Negatif,Akuntabilitas_Negatif,,False
not_located_in_raw_scrape,787,@pikirdewesu,"mantap pak, harus di tindak tegas kalau gubernurnya tidak pro rakyat",https://www.tiktok.com/@millenialzkece/video/7621132387426061575,https://www.tiktok.com/@millenialzkece/video/7621132387426061575,Akuntabilitas,Responsivitas,Akuntabilitas,Akuntabilitas,Positif,Positif,Positif,Positif,Akuntabilitas_Positif,,False
not_located_in_raw_scrape,788,@yogi_fauzii,"Di Tegur Dulu Sama Pak Prabowo , Baru Di Kembalikan mobil",https://www.tiktok.com/@millenialzkece/video/7621132387426061575,https://www.tiktok.com/@millenialzkece/video/7621132387426061575,Responsivitas,Responsivitas,Responsivitas,Responsivitas,Negatif,Negatif,Negatif,Negatif,Responsivitas_Negatif,,False
not_located_in_raw_scrape,789,@biekentakii,"gk wajar buat mobil sampai 8,5m",https://www.tiktok.com/@millenialzkece/video/7621132387426061575,https://www.tiktok.com/@millenialzkece/video/7621132387426061575,Efektivitas & Efisiensi,Efektivitas & Efisiensi,Efektivitas & Efisiensi,Efektivitas & Efisiensi,Negatif,Negatif,Negatif,Negatif,Efektivitas & Efisiensi_Negatif,,False
not_located_in_raw_scrape,790,@antonsutanso12,"gubernur kaltim mendengarkan aspirasi kok, buktinya mobilnya udh di kembalikan",https://www.tiktok.com/@millenialzkece/video/7621132387426061575,https://www.tiktok.com/@millenialzkece/video/7621132387426061575,Responsivitas,Responsivitas,Responsivitas,Responsivitas,Positif,Positif,Positif,Positif,Responsivitas_Positif,,False
not_located_in_raw_scrape,792,@a.l_277,Masaa di demo dulu bru klarifikasi. Piyee toooo,https://www.tiktok.com/@millenialzkece/video/7621132387426061575,https://www.tiktok.com/@millenialzkece/video/7621132387426061575,Responsivitas,Responsivitas,Responsivitas,Responsivitas,Negatif,Negatif,Negatif,Negatif,Responsivitas_Negatif,,False
not_located_in_raw_scrape,793,@haulk_jhon,"gak nyindir, gak bakalan tu direspon sm rudy",https://www.tiktok.com/@millenialzkece/video/7621132387426061575,https://www.tiktok.com/@millenialzkece/video/7621132387426061575,Responsivitas,Responsivitas,Responsivitas,Responsivitas,Negatif,Negatif,Negatif,Negatif,Responsivitas_Negatif,,False
not_located_in_raw_scrape,794,@deo.super6,"hanyaa yaa hanyaaa 700jt, ingat itu uang pajak rakyattt",https://www.tiktok.com/@millenialzkece/video/7621132387426061575,https://www.tiktok.com/@millenialzkece/video/7621132387426061575,Efektivitas & Efisiensi,Efektivitas & Efisiensi,Efektivitas & Efisiensi,Efektivitas & Efisiensi,Negatif,Negatif,Negatif,Negatif,Efektivitas & Efisiensi_Negatif,,False
