Kategori Masalah,Jumlah Komentar,Persentase (%)
1. Kesenjangan gaya hidup mewah pejabat (termasuk keluarga) vs kondisi rakyat,114,22.9
2. Dugaan penyalahgunaan wewenang/korupsi & tuntutan pemeriksaan/penindakan hukum,66,13.3
3. Dugaan dinasti politik/nepotisme keluarga pejabat,11,2.2
"4. Kinerja kepemimpinan dinilai buruk/tidak berpihak ke rakyat, memanfaatkan jabatan untuk kepentingan pribadi",23,4.6
"5. Tuntutan pertanggungjawaban politik/tindakan tegas (evaluasi, pemecatan, desakan bertindak bukan sekadar sindir)",37,7.5
"6. Sinisme/ejekan personal terhadap sosok gubernur (kompetensi, gaya bicara, kepantasan menjabat)",22,4.4
7. Rasa malu warga & sorotan negatif nama daerah,13,2.6
8. Komentar yang membela pihak gubernur dari kritik,2,0.4
9. Perbandingan tidak menguntungkan dengan kepemimpinan sebelumnya,1,0.2
10. Kekecewaan terhadap kondisi pemerintahan/politik Indonesia secara umum (bukan spesifik kasus ini),6,1.2
"11. Komentar di luar konteks isu pengadaan mobil (noise/tidak relevan, termasuk video lain yang tercampur)",38,7.7
12. Komentar tanpa keluhan spesifik,164,33.0
TOTAL,497,100.0
