predicted_aspect,tema,jumlah_komentar,total_negatif,persentase (%)
Akuntabilitas,Lainnya/tidak terklasifikasi,312,497,62.8
Akuntabilitas,Kesenjangan gaya hidup mewah pejabat (termasuk keluarga) vs empati rakyat,73,497,14.7
Akuntabilitas,Dugaan penyalahgunaan wewenang/KKN & tuntutan pemeriksaan,50,497,10.1
Akuntabilitas,Kinerja kepemimpinan dinilai buruk/mementingkan diri sendiri,24,497,4.8
Akuntabilitas,Tuntutan pertanggungjawaban politik (evaluasi/jangan dipilih lagi),21,497,4.2
Akuntabilitas,Rasa malu warga & sorotan negatif nama daerah,12,497,2.4
Akuntabilitas,Sinisme terhadap kompetensi/kepantasan menjabat,5,497,1.0
Efektivitas dan Efisiensi,Prioritas anggaran salah (mobil vs infrastruktur jalan),158,300,52.7
Efektivitas dan Efisiensi,Harga/nilai mobil & anggaran dianggap tidak wajar/boros,73,300,24.3
Efektivitas dan Efisiensi,Lainnya/tidak terklasifikasi,69,300,23.0
Responsivitas,Lainnya/tidak terklasifikasi,30,65,46.2
Responsivitas,Kritik respons pejabat pusat: sindir tanpa tindakan tegas,25,65,38.5
Responsivitas,Minimnya suara/keterlibatan warga & pejabat daerah Kaltim,10,65,15.4
Transparansi,Lainnya/tidak terklasifikasi,12,33,36.4
Transparansi,Ketidakjelasan angka anggaran/dana (simpang siur nominal),6,33,18.2
Transparansi,Kejanggalan identitas/legalitas kendaraan (plat nomor),5,33,15.2
Transparansi,Ketidakjujuran/kejanggalan narasi pengembalian mobil,5,33,15.2
Transparansi,Minim klarifikasi resmi & dugaan penghilangan bukti/liputan,4,33,12.1
Transparansi,Tuntutan eksplisit keterbukaan pemerintah,1,33,3.0
