id,username,original_text,reply_url,source_tiktok,annotator_aspect,ai_aspect,researcher_aspect,final_aspect,annotator_sentiment,ai_sentiment,researcher_sentiment,final_sentiment,final_label,notes
1,@anhari_li,"alasan saja lembali padahal tetap dipakai, kpk periksa guburnur kkn itu 3-4",https://www.tiktok.com/@anhari_li,https://www.tiktok.com/@beritakukar/video/7613011166838738196,,,,,,,,,,
2,@yan.lim.kam.siu,😂😂😂😂 pecat sudah 5-13,https://www.tiktok.com/@yan.lim.kam.siu,https://www.tiktok.com/@aditya.yudono/video/7631554392633675028,,,,,,,,,,
3,@sofieyanayana,kpk lagi tidur 5-4,https://www.tiktok.com/@sofieyanayana,https://www.tiktok.com/@keadilanfiktif/video/7615447599402798357,,,,,,,,,,
4,@pretynai,yang nonton hari jumat aku fb😁 4-24,https://www.tiktok.com/@pretynai,https://www.tiktok.com/@bonekanegara.in/video/7631481627989839105,,,,,,,,,,
5,@zambudisusilo42,yg udah tau cara lapor ada dugaan gratifikasi atau korupsi ayo lapor ke KPK... biar cpat di usut .... 3-6,https://www.tiktok.com/@zambudisusilo42,https://www.tiktok.com/@beritakukar/video/7612310183590530324,,,,,,,,,,
6,@paanebharra,kasian warga kalimantan punya pemimpin seperti ini🥺🥺😭😭 3-5,https://www.tiktok.com/@paanebharra,https://www.tiktok.com/@ae_affiliat/video/7612919691111107848,,,,,,,,,,
7,@ekaherman3,Betul Beliau Memang Pantas TerPilih👍Dgn Ketekunan Dan Ketulusan Hati Membangun Kaltim Maju Dan BerJaya🔥🔥 4-16,https://www.tiktok.com/@ekaherman3,https://www.tiktok.com/@keadilanfiktif/video/7615447599402798357,,,,,,,,,,
8,@rahayurahayuu91,kacau kacauuu😭 3-9,https://www.tiktok.com/@rahayurahayuu91,https://www.tiktok.com/@ompro_autocaree/video/7614061884127317266,,,,,,,,,,
9,@lovebyzed,Omongan nya ga masuk di logika 🙏🏻 2-28,https://www.tiktok.com/@lovebyzed,https://www.tiktok.com/@robi.plur/video/7611168030877322514,,,,,,,,,,
10,@fahddinazhadi130,untuk apa mobil di beli kalo di beli tetap sama gak ada yg berubah tetap sama yg berubah gurbenur yg menjadi jadi 5-11,https://www.tiktok.com/@fahddinazhadi130,https://www.tiktok.com/@ibarat_azra/video/7631776481781271826,,,,,,,,,,
11,@reynandaziyo6,hidup Prabowo 4-29,https://www.tiktok.com/@reynandaziyo6,https://www.tiktok.com/@apasaja2825/video/7620377571229781269,,,,,,,,,,
12,@haryonoanwar07,Triton itu double gardan .. 4-23,https://www.tiktok.com/@haryonoanwar07,https://www.tiktok.com/@beritakukar/video/7612310183590530324,,,,,,,,,,
13,@gun.awan339,mau buatan Indonesia tapi mobil kdmp belinya di luar negeri,https://www.tiktok.com/@gun.awan339,https://www.tiktok.com/@fans_pak_prabowo/video/7621100320243928341,,,,,,,,,,
14,@_xzx_8,dimana2 jalan rusak di perbaiki bukanya malah update mobil🗿 2-25 71.4K,https://www.tiktok.com/@_xzx_8,https://www.tiktok.com/@metropolitan.id/video/7610646870599175445,,,,,,,,,,
15,@deni_setiawan888,angaran keuangan luar negri bijak di olah buat kepentingan rakyat.y 4-24,https://www.tiktok.com/@deni_setiawan888,https://www.tiktok.com/@prapancas/video/7631918131128061191,,,,,,,,,,
16,@hilm4255,klo ariel sih punya mobil ini pke duit pribadi 3-30,https://www.tiktok.com/@hilm4255,https://www.tiktok.com/@morrodin88/video/7611104729929747733,,,,,,,,,,
17,@atepsahripin,ganti saja gubernur kaltim itu 2-18,https://www.tiktok.com/@atepsahripin,https://www.tiktok.com/@ashepsayfullq/video/7608021220088433936,,,,,,,,,,
18,@saidahida1804,mana suaranya KPK 4-21,https://www.tiktok.com/@saidahida1804,https://www.tiktok.com/@keadilanfiktif/video/7615447599402798357,,,,,,,,,,
19,@anny24384,tidak di pecat yach Pak😅😅😅 3-26,https://www.tiktok.com/@anny24384,https://www.tiktok.com/@fans_pak_prabowo/video/7621100320243928341,,,,,,,,,,
20,@mapleleafdiary,public speaking nya sangat bagusss 4-26,https://www.tiktok.com/@mapleleafdiary,https://www.tiktok.com/@themis.law3/video/7612442626234633480,,,,,,,,,,
21,@ranibengkel,Pesan Esemka bos seperti Mulyono...😁😁😁 2-25,https://www.tiktok.com/@ranibengkel,https://www.tiktok.com/@operasikhusus/video/7610752915036310791,,,,,,,,,,
22,@boinibrahim8,hemat buat rakyat buat pejabat poya poya omon omon 4-23,https://www.tiktok.com/@boinibrahim8,https://www.tiktok.com/@aditya.yudono/video/7631554392633675028,,,,,,,,,,
23,@dstnbrgf,Harusnya jalanya yang di perbagus bukan mobilnya 3-15,https://www.tiktok.com/@dstnbrgf,https://www.tiktok.com/@suka.otom0tif/video/7612478466214104328,,,,,,,,,,
24,@riko.azura,ekspresi rakyat nya 3-20,https://www.tiktok.com/@riko.azura,https://www.tiktok.com/@beritasatuofficial/video/7619163357022997780,,,,,,,,,,
25,@muhammadjalalrumi,🫥🫥🫥🫥🫥🫥🫥 minimal 4-23,https://www.tiktok.com/@muhammadjalalrumi,https://www.tiktok.com/@ibarat_azra/video/7631776481781271826,,,,,,,,,,
26,@badut_penghibur200,info judul lagi nya😁 3-10,https://www.tiktok.com/@badut_penghibur200,https://www.tiktok.com/@politikdotin/video/7612142044219231508,,,,,,,,,,
27,@raja.mansur8,gasss aj pakkkk 5-17,https://www.tiktok.com/@raja.mansur8,https://www.tiktok.com/@paramedis_army/video/7640251593434221845,,,,,,,,,,
28,@fairooo79990,5-17,https://www.tiktok.com/@fairooo79990,https://www.tiktok.com/@paramedis_army/video/7640251593434221845,,,,,,,,,,
29,@bayuslebew176,gimana gak panas cobak karena kipas nya belum di hidupin😄 4-23,https://www.tiktok.com/@bayuslebew176,https://www.tiktok.com/@ibarat_azra/video/7631776481781271826,,,,,,,,,,
30,@rsy3_,[Stiker] ke mirip 5-23,https://www.tiktok.com/@rsy3_,https://www.tiktok.com/@tripol.co/video/7642126377168293141,,,,,,,,,,
31,@ww.tiktok.com.bskara,ada sekitar tiga kilo yg sama sekali belum di sentuh oleh pemerintah jembatan. belum ada jalan masih jalan setapak 2-28,https://www.tiktok.com/@ww.tiktok.com.bskara,https://www.tiktok.com/@aimambandung/video/7611327878239620372,,,,,,,,,,
32,@naga.bonar4229,👍👍👍 4-21,https://www.tiktok.com/@naga.bonar4229,https://www.tiktok.com/@aby.drone/video/7631155160395402516,,,,,,,,,,
33,@zieya471,langsung di spill sama pak presiden 4-12,https://www.tiktok.com/@zieya471,https://www.tiktok.com/@apasaja2825/video/7620377571229781269,,,,,,,,,,
34,@tubagus783,4-22,https://www.tiktok.com/@tubagus783,https://www.tiktok.com/@beritakukar/video/7612310183590530324,,,,,,,,,,
35,@ca780112,bukannya lebih baik anggaran mevvvah mobil utk bangun perbaiki jalan jalan ya.. 2-22,https://www.tiktok.com/@ca780112,https://www.tiktok.com/@mata_publik_/video/7608632050790239495,,,,,,,,,,
36,@uji.coba.ke.100,kalo kata gw mah anggaran segitu mah betulin jalan bukan malah beli mobil 8.5 m 2-28,https://www.tiktok.com/@uji.coba.ke.100,https://www.tiktok.com/@3halll/video/7611863206281137428,,,,,,,,,,
37,@kaegoargata1,"Gubernur yg satu ini mampu menjaga marwah nya kaltim, Semoga masyarakat kaltim jg mampu menjaga arwah nya gubernur kaltim 4-24",https://www.tiktok.com/@kaegoargata1,https://www.tiktok.com/@prapancas/video/7631918131128061191,,,,,,,,,,
38,@saikotravel0,waduhhh ngabisin agaran 3-3,https://www.tiktok.com/@saikotravel0,https://www.tiktok.com/@detik.lebak/video/7612096372824608008,,,,,,,,,,
39,@denierwandierwand,dinasti politik 3-9,https://www.tiktok.com/@denierwandierwand,https://www.tiktok.com/@ompro_autocaree/video/7614061884127317266,,,,,,,,,,
40,@jadijariyah,warganya kok diam saja😂 2-27,https://www.tiktok.com/@jadijariyah,https://www.tiktok.com/@libra.pahing1/video/7611302313097153813,,,,,,,,,,
41,@abunahawabuben,"maaf min, gubernur kaltim kader partai apa 4-22",https://www.tiktok.com/@abunahawabuben,https://www.tiktok.com/@prabsri1/video/7631102459582336277,,,,,,,,,,
42,@gabuters1431,Tapi g bisa apa2 wkwkkwkwkw 3-21,https://www.tiktok.com/@gabuters1431,https://www.tiktok.com/@wargawargi2025/video/7619281381293755669,,,,,,,,,,
43,@pasoepati69,ini lucu juga seharusnya jalanya di perbaiki kalau jalan bagus pake mobil grenmax ajah terasa pake perari 😏,https://www.tiktok.com/@pasoepati69,https://www.tiktok.com/@beritakukar/video/7612310183590530324,,,,,,,,,,
44,@longor072,klarifikasi gubernur Kaltim 3-30,https://www.tiktok.com/@longor072,https://www.tiktok.com/@sigit_sugiana/video/7612287428258237704,,,,,,,,,,
45,@maya.yes21,masa mobil mewah yg naik jelek jaga donk marwah mobilnya 3-22,https://www.tiktok.com/@maya.yes21,https://www.tiktok.com/@themis.law3/video/7612442626234633480,,,,,,,,,,
46,@gumiwang58,"dia itu berniat ngejadiin kaltim kayak Jurassic park apa gimana, masa jalanannya tanah kayak zaman purba 3-6",https://www.tiktok.com/@gumiwang58,https://www.tiktok.com/@sentilin_indonesia/video/7613820353550306581,,,,,,,,,,
47,@rezkiabdulrahman,presiden kira kira denger berita gini kh? 3-1,https://www.tiktok.com/@rezkiabdulrahman,https://www.tiktok.com/@wglobalmedia/video/7610699657475329298,,,,,,,,,,
48,@erdedy1965,bersaudara ingin hidup mewahan 3-3,https://www.tiktok.com/@erdedy1965,https://www.tiktok.com/@balikpapantv_official/video/7612479352479026453,,,,,,,,,,
49,@adi_permadi,"kan gratis kalo sdh tdk menjabat mobilnya lsng untuk dia kan semua begitu,bupati wlikota dikalimantan mobil dinasnya paling rendah LC crk aja kalo tdk percya seluruh kalimantan,walaupun jalan nya banyak yg rusak yg penting saingan mobil,iyakan fakta 2-20",https://www.tiktok.com/@adi_permadi,https://www.tiktok.com/@mata_publik_/video/7608632050790239495,,,,,,,,,,
50,@user364899351,marwah itu spa sij arti dan tujuannya 2-28,https://www.tiktok.com/@user364899351,https://www.tiktok.com/@morrodin88/video/7611104729929747733,,,,,,,,,,
51,@satriaaaa.09,mobil elit. jalan sulit 3-31,https://www.tiktok.com/@satriaaaa.09,https://www.tiktok.com/@sahambijak0/video/7611953329421421845,,,,,,,,,,
52,@clgstjff,sama Jateng juga,https://www.tiktok.com/@clgstjff,https://www.tiktok.com/@ibarat_azra/video/7631776481781271826,,,,,,,,,,
53,@zambudisusilo42,ternyata gaya kepemimpinan nya HEDON....😁😁😁😁 2-26,https://www.tiktok.com/@zambudisusilo42,https://www.tiktok.com/@dokmus05/video/7610810591543823636,,,,,,,,,,
54,@public_dark_system,KPK mana KPK 2-28,https://www.tiktok.com/@public_dark_system,https://www.tiktok.com/@sindonews/video/7611810371535375633,,,,,,,,,,
55,@nununghatta,"salut warganya berani demo 👍👍👍 padahal ketika bencana banjir si gub. telat respon, bnyak lokasi tambang liar ""adem ayem"" 2-25",https://www.tiktok.com/@nununghatta,https://www.tiktok.com/@mata_publik_/video/7608632050790239495,,,,,,,,,,
56,@yosiyossi482,arwah masyarakat 3-4,https://www.tiktok.com/@yosiyossi482,https://www.tiktok.com/@sigit_sugiana/video/7612287428258237704,,,,,,,,,,
57,@azzamgemul55,yaqin ta semua daerah kaltim pernah d kunjungi 4-13,https://www.tiktok.com/@azzamgemul55,https://www.tiktok.com/@beritakukar/video/7612310183590530324,,,,,,,,,,
58,@hafidh.alhanif,"@masa mobilnya bagus yang naiknya jelek jangan dong,jaga marwah mobilnya dong 3-25",https://www.tiktok.com/@hafidh.alhanif,https://www.tiktok.com/@fans_pak_prabowo/video/7621100320243928341,,,,,,,,,,
59,@user5636847829710,"saya orang Sumatra, tapi kalau dilihat tidak ada yg salah dengan gubernur dan istrinya...",https://www.tiktok.com/@user5636847829710,https://www.tiktok.com/@tripol.co/video/7642126377168293141,,,,,,,,,,
60,@raden4158,"padahal mobil dinas seharga 500Jt pun sudah lumayan keren kalau niat mengabdikan diri ke rakyat jgn mikir mobil dinas nya,,,, bila perlu mobil pribadi yg di jadikan kendaraan dinas 3-2",https://www.tiktok.com/@raden4158,https://www.tiktok.com/@sigit_sugiana/video/7612287428258237704,,,,,,,,,,
61,@cpi.yg.ke.2,pantes es nya jadi tambah 2rb 4-23,https://www.tiktok.com/@cpi.yg.ke.2,https://www.tiktok.com/@bonekanegara.in/video/7631481627989839105,,,,,,,,,,
62,@artful0_0,"8,5 M benerin jalan tu bisa berkilo-kilo meter 4-13",https://www.tiktok.com/@artful0_0,https://www.tiktok.com/@themis.law3/video/7612442626234633480,,,,,,,,,,
63,@arieummunisa,Marwah opo gengsi tho pak 😂 2-27,https://www.tiktok.com/@arieummunisa,https://www.tiktok.com/@balikpapan.aerial/video/7611418293752253703,,,,,,,,,,
64,@frezky_al,era tahun berapa ini 🗿 3-5,https://www.tiktok.com/@frezky_al,https://www.tiktok.com/@politikdotin/video/7612142044219231508,,,,,,,,,,
65,@aeroskyviolet,seorang wakil presiden aja mobil pribadinya zenix🤣 3-6,https://www.tiktok.com/@aeroskyviolet,https://www.tiktok.com/@sentilin_indonesia/video/7613820353550306581,,,,,,,,,,
66,@didinkmahyun06,😳😳😳 3-6,https://www.tiktok.com/@didinkmahyun06,https://www.tiktok.com/@imprezacover/video/7613576007378816277,,,,,,,,,,
67,@yani.rohyani449,mobil horor kalahin mobil gubernur kaltim 3-2,https://www.tiktok.com/@yani.rohyani449,https://www.tiktok.com/@sigit_sugiana/video/7612287428258237704,,,,,,,,,,
68,@panglima_kijang_kencana,"Assalamualaikum buat pencerahan buat yang komen negatif di sosmed media sosial tentang gubernur Kaltim. Wajar aja dia menikmati peselitas itu. Kerna dia juga berjuang berdarah darah berkorban harta benda"" baru bisa duduk jadi gubernur kaltim. KERNA ITU PILIHAN KALIAN JUGA DIA JADI PEJABAT DAN GUBERNUR KALTIM. LEBIH BAIK KITA SENERGI MEMBANGUN KALTIM. Jadi kita jangan membuli' menghujat dan gibahnya ya kawan. Seharusnya kita dukung program beliau agar maksimal membangun kaltim. Ingat kawan manusi",https://www.tiktok.com/@panglima_kijang_kencana,https://www.tiktok.com/@harianda19/video/7611777664621350164,,,,,,,,,,
69,@_ikramb0,masa mobilnya mewah yg naik jlk. jngan dong.. 3-27,https://www.tiktok.com/@_ikramb0,https://www.tiktok.com/@fans_pak_prabowo/video/7621100320243928341,,,,,,,,,,
70,@sarwiyana4,pakai mobil ambulance aja 2-27,https://www.tiktok.com/@sarwiyana4,https://www.tiktok.com/@ashepsayfullq/video/7608021220088433936,,,,,,,,,,
71,@ramnah.123,kerennya 4-24,https://www.tiktok.com/@ramnah.123,https://www.tiktok.com/@aditya.yudono/video/7631554392633675028,,,,,,,,,,
72,@ahmad.lestari2,lucu ya klo lihat pejabat jaman skrg bukan jln nya yang diperbaiki malah mobil dinasnya yang dimahalin 3-3,https://www.tiktok.com/@ahmad.lestari2,https://www.tiktok.com/@politikdotin/video/7612142044219231508,,,,,,,,,,
73,@heny_rosiana,untuk mobil dinas sdh dibalikkan 4-11,https://www.tiktok.com/@heny_rosiana,https://www.tiktok.com/@keadilanfiktif/video/7615447599402798357,,,,,,,,,,
74,@mi.zmi,di tindak pak bukan disindir 3-20 40.4K,https://www.tiktok.com/@mi.zmi,https://www.tiktok.com/@beritasatuofficial/video/7619163357022997780,,,,,,,,,,
75,@mm_.cla812,"kata"" pak Presiden, Ga papa asal di pimpin yg bener, 3-10",https://www.tiktok.com/@mm_.cla812,https://www.tiktok.com/@ompro_autocaree/video/7614061884127317266,,,,,,,,,,
76,@prindavan_4,jaga marwah pak 4-21,https://www.tiktok.com/@prindavan_4,https://www.tiktok.com/@apasaja2825/video/7620377571229781269,,,,,,,,,,
77,@rini.shandi,Betul soal gaya mah bebas tak jdi soal 5-6,https://www.tiktok.com/@rini.shandi,https://www.tiktok.com/@sindonews/video/7611810371535375633,,,,,,,,,,
78,@adi.putra5509,"8,5 m dr pada beli mobil mewah jlnnya aja di benerin duit segitu cukup bwt perbaikan jln 2-26",https://www.tiktok.com/@adi.putra5509,https://www.tiktok.com/@kutai.dailynews/video/7609068555455253780,,,,,,,,,,
79,@imelrudynst,gaya istri gubernur elit jalan nya sulit 3-5,https://www.tiktok.com/@imelrudynst,https://www.tiktok.com/@ummu.3.anak/video/7613157935157464340,,,,,,,,,,
80,@mahagraaaaa__,bro yang pake kendaraan apapun tetep berangkat 3-5,https://www.tiktok.com/@mahagraaaaa__,https://www.tiktok.com/@detik.lebak/video/7612096372824608008,,,,,,,,,,
81,@naurafeniela,sadar pak.. itu uang rakyat.. 2-26,https://www.tiktok.com/@naurafeniela,https://www.tiktok.com/@wglobalmedia/video/7610699657475329298,,,,,,,,,,
82,@anakdhieke,yg ditunjang tuh jalannyaa woiiii 3-1,https://www.tiktok.com/@anakdhieke,https://www.tiktok.com/@beritaenamdua/video/7612139610507873557,,,,,,,,,,
83,@qianaa822,lambat 3-24,https://www.tiktok.com/@qianaa822,https://www.tiktok.com/@relung.id/video/7611814381126520065,,,,,,,,,,
84,@mriam.mriam13,"dah keliatan dari aura nya, aura... tolong diisi titik titiknya gaez 2-26",https://www.tiktok.com/@mriam.mriam13,https://www.tiktok.com/@the_amor70/video/7610666343985138951,,,,,,,,,,
85,@user8134762508136,belikan KTM aja Ndak perlu mobil ini karena gubernurnya gengsian 2-23,https://www.tiktok.com/@user8134762508136,https://www.tiktok.com/@kutai.dailynews/video/7609068555455253780,,,,,,,,,,
86,,Kutai Daily News · Kreator gimana menrut kalian? apakah pantas? 2-21,,https://www.tiktok.com/@kutai.dailynews/video/7609068555455253780,,,,,,,,,,
87,@cuttank04,pertanyaan nya kenapa nda di periksa 5-10,https://www.tiktok.com/@cuttank04,https://www.tiktok.com/@apasaja2825/video/7620377571229781269,,,,,,,,,,
88,@fairuz_yeni,marwah marwah 3-6,https://www.tiktok.com/@fairuz_yeni,https://www.tiktok.com/@ummu.3.anak/video/7613157935157464340,,,,,,,,,,
89,@grbalaborneo5,adek kakak sama saja 3-2,https://www.tiktok.com/@grbalaborneo5,https://www.tiktok.com/@balikpapantv_official/video/7612479352479026453,,,,,,,,,,
90,@atmajagirimartopawiro,auranya kuat sekali .... apakah kalian tau aura apa ? 2-25 17.2K,https://www.tiktok.com/@atmajagirimartopawiro,https://www.tiktok.com/@metropolitan.id/video/7610646870599175445,,,,,,,,,,
91,@feriferdiansyah1987,"logikanya, harusnya jalan dlu di benerin baru beli mobil.. bapak anti mainstream pak,beda dr yg lain.. mungkin si bapak nya pengen coba jalan off-road.. 🤣🤣🤣🤣 3-7",https://www.tiktok.com/@feriferdiansyah1987,https://www.tiktok.com/@tikuskokberdasi/video/7613343929244618005,,,,,,,,,,
92,@aditya_sukaryo05,kenapa mau di kembalikan itu kan marwah kaltim😂😂😂😂. 3-5,https://www.tiktok.com/@aditya_sukaryo05,https://www.tiktok.com/@kompastv_jateng/video/7613321888445615381,,,,,,,,,,
93,@vio.verdianto,marwah yang buat cuman satu orang tapi dibilang seluruh provinsi wkwkw 2-25,https://www.tiktok.com/@vio.verdianto,https://www.tiktok.com/@wglobalmedia/video/7610699657475329298,,,,,,,,,,
94,@nurubell,😂 2-26,https://www.tiktok.com/@nurubell,https://www.tiktok.com/@sewaktu.com/video/7611114459628571920,,,,,,,,,,
95,@bobby88828,"pak gibran ae wakil presiden pakainya zenix, paling pol alphard atau land cruiser 300 itupun ga setiap hari pakainya 3-6",https://www.tiktok.com/@bobby88828,https://www.tiktok.com/@kompastv_jateng/video/7613321888445615381,,,,,,,,,,
96,@hajicicik,yg pentg istrix bajux mahal2😂😂😂 3-5,https://www.tiktok.com/@hajicicik,https://www.tiktok.com/@ae_affiliat/video/7612919691111107848,,,,,,,,,,
97,@yaaaaa_625,ayo SP yg kemaren pilih dia 3-5,https://www.tiktok.com/@yaaaaa_625,https://www.tiktok.com/@ummu.3.anak/video/7613157935157464340,,,,,,,,,,
98,@reza.agustieawan,"masa 8,5M 5-10",https://www.tiktok.com/@reza.agustieawan,https://www.tiktok.com/@suka.otom0tif/video/7612478466214104328,,,,,,,,,,
99,@bocorhalus_.00,Menurut aku itu wajar ah seorang istri gubernur. Mungkin sebelom nya punya usaha yng belom pernah orang tau 🙏 maaf klau salah 5-11,https://www.tiktok.com/@bocorhalus_.00,https://www.tiktok.com/@sindonews/video/7611810371535375633,,,,,,,,,,
100,@ulynapitu,mobilnya SDH di kembalikan...beliau Baru nyadar rakyat Kaltim msh bnyak di garis kemiskinan 3-4,https://www.tiktok.com/@ulynapitu,https://www.tiktok.com/@ae_affiliat/video/7612919691111107848,,,,,,,,,,
101,@putraderita920,KPK ga becus usut gobernur dan ketua dewan kal.tim. 3-24,https://www.tiktok.com/@putraderita920,https://www.tiktok.com/@relung.id/video/7611814381126520065,,,,,,,,,,
102,@latifa.azzahra322,itu bawahan anda pakk 3-20,https://www.tiktok.com/@latifa.azzahra322,https://www.tiktok.com/@beritasatuofficial/video/7619163357022997780,,,,,,,,,,
103,@maulanamalikkeren,buset duit segitu benerin jalan marmer bisa itu 3-25,https://www.tiktok.com/@maulanamalikkeren,https://www.tiktok.com/@3halll/video/7611863206281137428,,,,,,,,,,
104,@sem66002,gubernur lol 2-28,https://www.tiktok.com/@sem66002,https://www.tiktok.com/@arteranews.id/video/7611460664074390804,,,,,,,,,,
105,@korneliusnorkemno,marwah dari Hongkong 3-1,https://www.tiktok.com/@korneliusnorkemno,https://www.tiktok.com/@dokmus05/video/7610810591543823636,,,,,,,,,,
106,@ugidamarpalang,giliran kita bnyar pajak mhal bnar 2-26,https://www.tiktok.com/@ugidamarpalang,https://www.tiktok.com/@aryo.g1/video/7611001576907427090,,,,,,,,,,
107,@insancell83,mobil nya bgus jlannya juga lebih bgus 2-25,https://www.tiktok.com/@insancell83,https://www.tiktok.com/@lensanalarcom/video/7610698043981090068,,,,,,,,,,
108,@ditgdhog,dana pribadi blok 3-8,https://www.tiktok.com/@ditgdhog,https://www.tiktok.com/@jollyroger.strawhat/video/7614678060616404245,,,,,,,,,,
109,@pikirdewesu,gadang suka prawowo kadang nggak 3-25,https://www.tiktok.com/@pikirdewesu,https://www.tiktok.com/@millenialzkece/video/7621132387426061575,,,,,,,,,,
110,@winsendid,[Stiker] mana ni jir mobilnya udah keliling belum 4-28,https://www.tiktok.com/@winsendid,https://www.tiktok.com/@ibarat_azra/video/7631776481781271826,,,,,,,,,,
111,@arilsamsung778,korop 1 kluarga pjbat nys 3-9,https://www.tiktok.com/@arilsamsung778,https://www.tiktok.com/@relung.id/video/7611773381997890833,,,,,,,,,,
112,@midimidi7676,"Pindad suruh bikin cepat kendaraan 4x4 yg ramah medan berat, biar kepala dserah seluruh Indonesia pakai kendaraan yg seragam 2-25",https://www.tiktok.com/@midimidi7676,https://www.tiktok.com/@operasikhusus/video/7610752915036310791,,,,,,,,,,
113,@zahramisrana,itu baru mikirin masarakat nya 4-24,https://www.tiktok.com/@zahramisrana,https://www.tiktok.com/@damarmart/video/7631483584649481479,,,,,,,,,,
114,@arjunasatya01,"perbaiki dulu jalananmu bro,..biar Marwah jalannya Kaltim di kenal secara Global,.. 4-22",https://www.tiktok.com/@arjunasatya01,https://www.tiktok.com/@ip.alphawolf/video/7629140462753926420,,,,,,,,,,
115,@wati.065,se 7777777 5-29,https://www.tiktok.com/@wati.065,https://www.tiktok.com/@paramedis_army/video/7640251593434221845,,,,,,,,,,
116,@nurbinyahya,setujuuuuuu 5-16,https://www.tiktok.com/@nurbinyahya,https://www.tiktok.com/@paramedis_army/video/7640251593434221845,,,,,,,,,,
117,@vicky.026,Ini Kan Yang Kemarin Bilang KDM Gubernur Konten? 3-9,https://www.tiktok.com/@vicky.026,https://www.tiktok.com/@sentilin_indonesia/video/7613820353550306581,,,,,,,,,,
118,@scrane32,"DPRD,GUBERNUR, SEKDA dan KOMINFO sepertinya pandai berAKTING masalah MOBIL 8,6 M. 3-4",https://www.tiktok.com/@scrane32,https://www.tiktok.com/@beritakukar/video/7613011166838738196,,,,,,,,,,
119,@akhira.bali,pola pikir terbalik nih pak Gubernur... bukan mobil yg canggih yg dibeli tp sarana dan prasarana jalan dibangun...biar mobil inova bisa kok lalui 2-27,https://www.tiktok.com/@akhira.bali,https://www.tiktok.com/@libra.pahing1/video/7611302313097153813,,,,,,,,,,
120,@ferry.caloso,BRAVO KPK 3-20,https://www.tiktok.com/@ferry.caloso,https://www.tiktok.com/@relung.id/video/7611814381126520065,,,,,,,,,,
121,@usripc13,usut kpk 3-4,https://www.tiktok.com/@usripc13,https://www.tiktok.com/@relung.id/video/7611773381997890833,,,,,,,,,,
122,@junaida.ida319,pakaian nya istrinya seperti putri Diana 3-11,https://www.tiktok.com/@junaida.ida319,https://www.tiktok.com/@f.405_/video/7612591026666048789,,,,,,,,,,
123,@bembeng.mario,sama kaya anis manis di awal pahit di akhir 2-28,https://www.tiktok.com/@bembeng.mario,https://www.tiktok.com/@tyasmira81/video/7610723179446783252,,,,,,,,,,
124,@mafen4l07,Gubernur kaltim 11 12 dengan Gubernur NTT🤣 3-6,https://www.tiktok.com/@mafen4l07,https://www.tiktok.com/@sentilin_indonesia/video/7613820353550306581,,,,,,,,,,
125,@zainal.habdi,jln dari alrah ke kubar. rusak parah. kasian driver pemburu dolar tetkendala 3-4,https://www.tiktok.com/@zainal.habdi,https://www.tiktok.com/@ae_affiliat/video/7612919691111107848,,,,,,,,,,
126,@m.panjaitan.86,marwah sampai segitu yang nama nya marwah ya🤣🤣🤣 3-3,https://www.tiktok.com/@m.panjaitan.86,https://www.tiktok.com/@ae_affiliat/video/7612919691111107848,,,,,,,,,,
127,@kai20573,[Stiker] jadiin gw gubernur deh 4-23,https://www.tiktok.com/@kai20573,https://www.tiktok.com/@aditya.yudono/video/7631554392633675028,,,,,,,,,,
128,@hamzz_libingbing,"Prabowo aja mobil maung seharga 700juta lah itu malah 8,5m kocak 3-22",https://www.tiktok.com/@hamzz_libingbing,https://www.tiktok.com/@sahambijak0/video/7611953329421421845,,,,,,,,,,
129,@nama.ku.alul.929,kenapa gak beli Toyota land cruiser harga nya aja lengkap 2.5 Miliar 😊😊 4-18,https://www.tiktok.com/@nama.ku.alul.929,https://www.tiktok.com/@3halll/video/7611863206281137428,,,,,,,,,,
130,@meghan0972,publik kaltim kemane ya 3-10,https://www.tiktok.com/@meghan0972,https://www.tiktok.com/@keadilanfiktif/video/7615447599402798357,,,,,,,,,,
131,@hijauflorist,Ajg aing mah 500rb juga ga punya 3-20,https://www.tiktok.com/@hijauflorist,https://www.tiktok.com/@aimambandung/video/7611327878239620372,,,,,,,,,,
132,@kicau_229,lagu Ter enak sepanjang masa 😂 5-23,https://www.tiktok.com/@kicau_229,https://www.tiktok.com/@tripol.co/video/7642126377168293141,,,,,,,,,,
133,@botoh699,MENYALA BAPAK ISRAK NOOR..🥰🥰 4-27,https://www.tiktok.com/@botoh699,https://www.tiktok.com/@damarmart/video/7631483584649481479,,,,,,,,,,
134,@asura11iow,BERAPA HEKTAR LAHAN PRABOWO 3-20,https://www.tiktok.com/@asura11iow,https://www.tiktok.com/@beritasatuofficial/video/7619163357022997780,,,,,,,,,,
135,@eenjii641,"masa mobil bagus yang naik jelek, jaga dong marwah mobilnya 3-23 36.7K",https://www.tiktok.com/@eenjii641,https://www.tiktok.com/@themis.law3/video/7612442626234633480,,,,,,,,,,
136,@punyamasaq23,jalan donk perbaiki 3-2,https://www.tiktok.com/@punyamasaq23,https://www.tiktok.com/@sigit_sugiana/video/7612287428258237704,,,,,,,,,,
137,@spoiler_filem,ini yg pernah ngomong kdm gubernur kontent yah 2-25,https://www.tiktok.com/@spoiler_filem,https://www.tiktok.com/@wglobalmedia/video/7610699657475329298,,,,,,,,,,
138,@yusuf.setiawan89,beli hilux aja kenapa harus yg miliaran 3-1,https://www.tiktok.com/@yusuf.setiawan89,https://www.tiktok.com/@beritaenamdua/video/7612139610507873557,,,,,,,,,,
139,@im_rudd,"minimal benerin jalan dulu, heran guehhh 3-7",https://www.tiktok.com/@im_rudd,https://www.tiktok.com/@sentilin_indonesia/video/7613820353550306581,,,,,,,,,,
140,@dexter.xixixi,knp gak jalan nya aja yang di bnerin? 3-3,https://www.tiktok.com/@dexter.xixixi,https://www.tiktok.com/@suka.otom0tif/video/7612478466214104328,,,,,,,,,,
141,@tehpucukharum571,"Mending gubernur gue , ladang ngonten pake benerin jalan 3-20",https://www.tiktok.com/@tehpucukharum571,https://www.tiktok.com/@detik.lebak/video/7612096372824608008,,,,,,,,,,
142,@ukiesandy3,lacau kaltim penentu kebijakan gub bersaudara 3-9,https://www.tiktok.com/@ukiesandy3,https://www.tiktok.com/@relung.id/video/7611773381997890833,,,,,,,,,,
143,@firo.pro,aduh😹 3-7,https://www.tiktok.com/@firo.pro,https://www.tiktok.com/@botakteras/video/7613416347250314517,,,,,,,,,,
144,@renti_d,Jalanya dibenarin 3-3,https://www.tiktok.com/@renti_d,https://www.tiktok.com/@suka.otom0tif/video/7612478466214104328,,,,,,,,,,
145,@neccakhere,Ntar waktu berbuka ajak gw balik ke sini lagi ya gimuys. Masih menjalankan ibadah puasa soalanya 2-27,https://www.tiktok.com/@neccakhere,https://www.tiktok.com/@media_indonesia/video/7611183349964524821,,,,,,,,,,
146,@user3248820325143,lebih cerdas Abang ini 👍 2-27,https://www.tiktok.com/@user3248820325143,https://www.tiktok.com/@libra.pahing1/video/7611302313097153813,,,,,,,,,,
147,@rustam.manaf2,Pak Isran belajar mub on 4-23,https://www.tiktok.com/@rustam.manaf2,https://www.tiktok.com/@damarmart/video/7631483584649481479,,,,,,,,,,
148,@umi.maimunah1,"pikiraranya gubernur Kaltim lgi rusak ,,sm kyk jln nya 3-4",https://www.tiktok.com/@umi.maimunah1,https://www.tiktok.com/@ae_affiliat/video/7612919691111107848,,,,,,,,,,
149,@verlyanaa,😂😂😂 5-16,https://www.tiktok.com/@verlyanaa,https://www.tiktok.com/@isunegeri/video/7640416348702625040,,,,,,,,,,
150,@fox5treet,warga kaltim kemana?ngk protes? 2-28,https://www.tiktok.com/@fox5treet,https://www.tiktok.com/@arteranews.id/video/7611460664074390804,,,,,,,,,,
151,@platkt9999,Masa sih 🤣 3-6,https://www.tiktok.com/@platkt9999,https://www.tiktok.com/@kompastv_jateng/video/7613321888445615381,,,,,,,,,,
152,@sevven06,kpk mana 4-8,https://www.tiktok.com/@sevven06,https://www.tiktok.com/@aimambandung/video/7611327878239620372,,,,,,,,,,
153,@indah81840,pendukun rudy mas ud ndak usah baper kita buktikan lagi di 2030 insya allah 4-23,https://www.tiktok.com/@indah81840,https://www.tiktok.com/@damarmart/video/7631483584649481479,,,,,,,,,,
154,@ernandez212,Serius ini ga di edit 3-6,https://www.tiktok.com/@ernandez212,https://www.tiktok.com/@kompastv_jateng/video/7613321888445615381,,,,,,,,,,
155,@indra.prtama7,jangan saya suruh pake jalan kaki 😂😂 2-27,https://www.tiktok.com/@indra.prtama7,https://www.tiktok.com/@robi.plur/video/7611168030877322514,,,,,,,,,,
156,@wldnabdan0909,sarkasannya mantep bgt itu 🤣🤣 3-23,https://www.tiktok.com/@wldnabdan0909,https://www.tiktok.com/@ompro_autocaree/video/7614061884127317266,,,,,,,,,,
157,@paracetamol_ctm,"klo menurutq, selama beliau kerja nya udh bener, soal gaya dan stylist bebas aja sih, py ciri khas sndr 3-3",https://www.tiktok.com/@paracetamol_ctm,https://www.tiktok.com/@sindonews/video/7611810371535375633,,,,,,,,,,
158,@udinjaya464,iyaaa GK jalan nya aja di benarin 3-20,https://www.tiktok.com/@udinjaya464,https://www.tiktok.com/@suka.otom0tif/video/7612478466214104328,,,,,,,,,,
159,@user2781329788492,ngomong aja tindakan a GK ada ... 3-20,https://www.tiktok.com/@user2781329788492,https://www.tiktok.com/@beritasatuofficial/video/7619163357022997780,,,,,,,,,,
160,@sergiofernando921,"Masa iya mobilnya mahal dan bagus tapi yg naiknya jelek, jangan dong jaga marwah mobilnya 5-20",https://www.tiktok.com/@sergiofernando921,https://www.tiktok.com/@themis.law3/video/7612442626234633480,,,,,,,,,,
161,@abdullah1707750099,gubernur ada enggak rasa ibah terhadap rakyat miskin 2-25,https://www.tiktok.com/@abdullah1707750099,https://www.tiktok.com/@the_amor70/video/7610666343985138951,,,,,,,,,,
162,@yogijuliana2,Bro yang tetap OTW 3-28,https://www.tiktok.com/@yogijuliana2,https://www.tiktok.com/@fans_pak_prabowo/video/7621100320243928341,,,,,,,,,,
163,@tuanmudaabimana25,"kalimantan pakai triton, strada, hylux double cabin 4x4 sudah aman pak. jangan maksain pakai mobil mewah. 2-27",https://www.tiktok.com/@tuanmudaabimana25,https://www.tiktok.com/@robi.plur/video/7611168030877322514,,,,,,,,,,
164,@nugrohohamid,beliau sudah kaya sebelum jadi Gubernur....beliau orang baik... 5-23,https://www.tiktok.com/@nugrohohamid,https://www.tiktok.com/@tripol.co/video/7642126377168293141,,,,,,,,,,
165,@rafliekaa1,digosipin presiden is another level🤣 4-22,https://www.tiktok.com/@rafliekaa1,https://www.tiktok.com/@apasaja2825/video/7620377571229781269,,,,,,,,,,
166,@mamakhitzzz,HELLO KPK 2-27,https://www.tiktok.com/@mamakhitzzz,https://www.tiktok.com/@aimambandung/video/7611327878239620372,,,,,,,,,,
167,@roby_kushatanto,plat nya kok gak ada di samsat online ya...apa saya yg salah 3-4,https://www.tiktok.com/@roby_kushatanto,https://www.tiktok.com/@beritakukar/video/7613011166838738196,,,,,,,,,,
168,@bocahtengil833,[Stiker] sampe disindir presiden 3-25 14.1K,https://www.tiktok.com/@bocahtengil833,https://www.tiktok.com/@millenialzkece/video/7621132387426061575,,,,,,,,,,
169,@madonkbeliyau,wkwkwkkwk kaltim mmpunyai marwah jalanna rusak.... 3-3,https://www.tiktok.com/@madonkbeliyau,https://www.tiktok.com/@f.405_/video/7612591026666048789,,,,,,,,,,
170,@mr.phoe_,mobil dilembalikan lemana..... uangnya mana.... 5-24,https://www.tiktok.com/@mr.phoe_,https://www.tiktok.com/@jollyroger.strawhat/video/7614678060616404245,,,,,,,,,,
171,@warni.com123,knpa gk jalan.a aja yg di perbaiki 2-27,https://www.tiktok.com/@warni.com123,https://www.tiktok.com/@libra.pahing1/video/7611302313097153813,,,,,,,,,,
172,@echannahceah_10,Stop membuli..!! kalian TDK tau tentang rudi mas’ud kalian hanya melihat sisi buruknya saja..padahal sisi baiknya tidak ada... 5-3,https://www.tiktok.com/@echannahceah_10,https://www.tiktok.com/@bonekanegara.in/video/7631481627989839105,,,,,,,,,,
173,@miozann_,700 jt?? saya hanya motor 3 jt 3-22,https://www.tiktok.com/@miozann_,https://www.tiktok.com/@beritasatuofficial/video/7619163357022997780,,,,,,,,,,
174,@boudjang_desa,ngampung 2-27,https://www.tiktok.com/@boudjang_desa,https://www.tiktok.com/@media_indonesia/video/7611183349964524821,,,,,,,,,,
175,@aditya.wiranata,miris liat komen 3-20,https://www.tiktok.com/@aditya.wiranata,https://www.tiktok.com/@beritasatuofficial/video/7619163357022997780,,,,,,,,,,
176,@dannylamoren,KPK diam2 aja.. sudah dpt amplop coklat 3-4,https://www.tiktok.com/@dannylamoren,https://www.tiktok.com/@beritakukar/video/7613011166838738196,,,,,,,,,,
177,@komentator433,pemimpin sekarang kagak ada yang mikir rakyat 2-28,https://www.tiktok.com/@komentator433,https://www.tiktok.com/@arteranews.id/video/7611460664074390804,,,,,,,,,,
178,@urlove7482,gubernur yg paling bener kdm gk sih? 4-23,https://www.tiktok.com/@urlove7482,https://www.tiktok.com/@bonekanegara.in/video/7631481627989839105,,,,,,,,,,
179,@d3ddy26,"..pak gubernur kalau mau mengangkat marwah Kaltim, tingkatkan kemajuan daerah bukan beli mobil mewah...ingat pak, jadi gubernur itu atas keinginan bapak & dipilih rakyat. 2-27",https://www.tiktok.com/@d3ddy26,https://www.tiktok.com/@robi.plur/video/7611168030877322514,,,,,,,,,,
180,@kikiberslin,🥹🥹🥹🥹 2-27,https://www.tiktok.com/@kikiberslin,https://www.tiktok.com/@balikpapan.aerial/video/7611418293752253703,,,,,,,,,,
181,@tanyaaja555,"ingat, jangan sampe logikanya ikut masuk ke logika teman2 mahasiswa, ya jalannya bnerin bukan mobilnya d bagusin. emang yg jalan mobil dia doang. para pencari nafkah loh 3-7",https://www.tiktok.com/@tanyaaja555,https://www.tiktok.com/@robi.plur/video/7611168030877322514,,,,,,,,,,
182,@user4752781248182,mobil mentri gak sampai segitu harganya 2-27,https://www.tiktok.com/@user4752781248182,https://www.tiktok.com/@operasikhusus/video/7610752915036310791,,,,,,,,,,
183,@mamianeu001,sodaraan😂 3-8,https://www.tiktok.com/@mamianeu001,https://www.tiktok.com/@ompro_autocaree/video/7614061884127317266,,,,,,,,,,
184,@yog7188,apalah artinya hidup mewah kalau di atas penderitaan rakyatnya. 3-29,https://www.tiktok.com/@yog7188,https://www.tiktok.com/@keadilanfiktif/video/7615447599402798357,,,,,,,,,,
185,@mgaffar887,mobil jeep aja kuat 3-25,https://www.tiktok.com/@mgaffar887,https://www.tiktok.com/@3halll/video/7611863206281137428,,,,,,,,,,
186,@sama.rasa202,🤣🤣🤣🤣🤣🤣🤣 4-25,https://www.tiktok.com/@sama.rasa202,https://www.tiktok.com/@asbo.titha/video/7632508094207085842,,,,,,,,,,
187,@anyeongyerobunn,tapi kok tidak ada video yaaa 4-23,https://www.tiktok.com/@anyeongyerobunn,https://www.tiktok.com/@bonekanegara.in/video/7631481627989839105,,,,,,,,,,
188,@elaajaa38,masa Iyah mobil nya merosot jangan dong 4-26,https://www.tiktok.com/@elaajaa38,https://www.tiktok.com/@sahambijak0/video/7611953329421421845,,,,,,,,,,
189,@user9875935317875,"perlu diusut semua proyek, pasti ada indikasi tim sukses 3-3",https://www.tiktok.com/@user9875935317875,https://www.tiktok.com/@beritakukar/video/7612310183590530324,,,,,,,,,,
190,@falih..03,mungkin anggaran buat vidio doang 300 miliyar hehhe 4-23,https://www.tiktok.com/@falih..03,https://www.tiktok.com/@ibarat_azra/video/7631776481781271826,,,,,,,,,,
191,@unyilsyalala,Marwah nya jalan di alusin pak 2-25,https://www.tiktok.com/@unyilsyalala,https://www.tiktok.com/@wakandatalks_id/video/7610767646996368661,,,,,,,,,,
192,@a.l_277,iri bilang boss 🤣 3-27,https://www.tiktok.com/@a.l_277,https://www.tiktok.com/@millenialzkece/video/7621132387426061575,,,,,,,,,,
193,@moutya25,Ibu Maaf fashion nya ke sering Aku liat di kota tua jakarta 😌🙏🏻 2-27,https://www.tiktok.com/@moutya25,https://www.tiktok.com/@media_indonesia/video/7611183349964524821,,,,,,,,,,
194,@wizzy_0104,udh muak bgt jadi WNI apalagi gubernur BANTEN.!🤣 2-27,https://www.tiktok.com/@wizzy_0104,https://www.tiktok.com/@arteranews.id/video/7611460664074390804,,,,,,,,,,
195,@rizalerda6,buat beli mantel salju lagi 3-6,https://www.tiktok.com/@rizalerda6,https://www.tiktok.com/@sentilin_indonesia/video/7613820353550306581,,,,,,,,,,
196,@m.rezky.alkiansya,mobil elit buat jalan sulit 3-25,https://www.tiktok.com/@m.rezky.alkiansya,https://www.tiktok.com/@sahambijak0/video/7611953329421421845,,,,,,,,,,
197,@khoriati.riati,marwah preeeeeeeeeeet 4-25,https://www.tiktok.com/@khoriati.riati,https://www.tiktok.com/@asbo.titha/video/7632508094207085842,,,,,,,,,,
198,@widjajanto88,"marwah pejabat ditentukan keberhasilan dia mensejahterakan rakyatnya, bukan mempersolek diri sendiri 2-25",https://www.tiktok.com/@widjajanto88,https://www.tiktok.com/@wglobalmedia/video/7610699657475329298,,,,,,,,,,
199,@proximuscesar,Kasian kaltim gubernurnya gini 2-27,https://www.tiktok.com/@proximuscesar,https://www.tiktok.com/@robi.plur/video/7611168030877322514,,,,,,,,,,
200,@mamahhucun,Wooohhh... 3-22,https://www.tiktok.com/@mamahhucun,https://www.tiktok.com/@keadilanfiktif/video/7615447599402798357,,,,,,,,,,
201,@zaidtoreto123,pak contoh lah gubernur jabar....(kdm💖) 3-31,https://www.tiktok.com/@zaidtoreto123,https://www.tiktok.com/@sahambijak0/video/7611953329421421845,,,,,,,,,,
202,@usripc13,keluarga dinasti itu 3-8,https://www.tiktok.com/@usripc13,https://www.tiktok.com/@ompro_autocaree/video/7614061884127317266,,,,,,,,,,
203,@misana885,huhh 3-7,https://www.tiktok.com/@misana885,https://www.tiktok.com/@tikuskokberdasi/video/7613343929244618005,,,,,,,,,,
204,@irdianto96,ini pemimpin² nya kaltim dari luar semua kah 3-8,https://www.tiktok.com/@irdianto96,https://www.tiktok.com/@politikdotin/video/7612142044219231508,,,,,,,,,,
205,@xtensy79,du5ta 4-21,https://www.tiktok.com/@xtensy79,https://www.tiktok.com/@ip.alphawolf/video/7629140462753926420,,,,,,,,,,
206,@user4831345691684tomi,Harus di pantau itu 3-9,https://www.tiktok.com/@user4831345691684tomi,https://www.tiktok.com/@relung.id/video/7611814381126520065,,,,,,,,,,
207,@usercwqucm36gm,"kan cuma wakil rakyat,rakyatnya aja naik Mio second STNK doank,,, wakilnya range Rover autobiograpy 3-9",https://www.tiktok.com/@usercwqucm36gm,https://www.tiktok.com/@morrodin88/video/7611104729929747733,,,,,,,,,,
208,@febryaffandy,"masa iya, jalannya rusak pak😂 3-3",https://www.tiktok.com/@febryaffandy,https://www.tiktok.com/@libra.pahing1/video/7611302313097153813,,,,,,,,,,
209,@ahmadmughofar,"Kijang kalau jalannya bagus juga enak ,,, 3-1",https://www.tiktok.com/@ahmadmughofar,https://www.tiktok.com/@robi.plur/video/7611168030877322514,,,,,,,,,,
210,@hofibiadap,"masarakat di bawa"" 3-5",https://www.tiktok.com/@hofibiadap,https://www.tiktok.com/@ummu.3.anak/video/7613157935157464340,,,,,,,,,,
211,@al_ghaly,lagunya enak bgt didengernya. ini logat bahasa mana ya 5-24,https://www.tiktok.com/@al_ghaly,https://www.tiktok.com/@tripol.co/video/7642126377168293141,,,,,,,,,,
212,@helhendra321,"omon"" 3-21",https://www.tiktok.com/@helhendra321,https://www.tiktok.com/@ompro_autocaree/video/7614061884127317266,,,,,,,,,,
213,@bakol_cilik03,Ibu wapres kita sederhana sekali 2-27,https://www.tiktok.com/@bakol_cilik03,https://www.tiktok.com/@media_indonesia/video/7611183349964524821,,,,,,,,,,
214,@riski.sterong.yt,mau beli mobil dinas Range Rover seharga 5-23,https://www.tiktok.com/@riski.sterong.yt,https://www.tiktok.com/@3halll/video/7611863206281137428,,,,,,,,,,
215,@dwardana86,masa iya jalannya ga di perbaiki jaga donk marwahnya 😂 4-26,https://www.tiktok.com/@dwardana86,https://www.tiktok.com/@ip.alphawolf/video/7629140462753926420,,,,,,,,,,
216,@bijiciwadak,"Sejarah mencatat, kekuasaan bukan diukur dari kemewahan fasilitasnya, melainkan dari seberapa kuat ia berpihak pada rakyat kecil. Rp8,5 miliar dari dana Pemprov Kaltim untuk suatu kendaraan adalah angka yang sah untuk dipertanyakan secara moral dan kebijakan. Bukan karena kita anti fasilitas. Tetapi karena prioritas adalah cerminan nurani. Di saat masyarakat membutuhkan akses pendidikan, kesehatan, infrastruktur, keputusan anggaran harus sensitif terhadap rasa keadilan publik. Kritik ini bukan s",https://www.tiktok.com/@bijiciwadak,https://www.tiktok.com/@klikkaltim_/video/7610061418548808967,,,,,,,,,,
217,@dellassi,"tampilannya familiar kek siapa ya, ternyata kek lady dimitrescu #izin 🙂‍↕️🙏🏼 3-2",https://www.tiktok.com/@dellassi,https://www.tiktok.com/@sindonews/video/7611810371535375633,,,,,,,,,,
218,@man.maulana27,pak utk jaga marwah tuh kaltim itu bikin maju kaltim bikin warga kaltim itu sejahteta perekonomian kaltim lbh baik lg bkn beli mobil itu see bkn jaga marwah kaltim 4-24,https://www.tiktok.com/@man.maulana27,https://www.tiktok.com/@f.405_/video/7612591026666048789,,,,,,,,,,
219,@kang.asep.abah.an,jateng kapan nih? 4-22,https://www.tiktok.com/@kang.asep.abah.an,https://www.tiktok.com/@prabsri1/video/7631102459582336277,,,,,,,,,,
220,@gassecond,JALANMU PERBAIKI WAHAI GUBERNUR OON 3-5,https://www.tiktok.com/@gassecond,https://www.tiktok.com/@kompastv_jateng/video/7613321888445615381,,,,,,,,,,
221,@reee.olve,Ala kadarnya jangan dong : 3-27,https://www.tiktok.com/@reee.olve,https://www.tiktok.com/@fans_pak_prabowo/video/7621100320243928341,,,,,,,,,,
222,@kinabe.lay30,"Wee presiden sa dia punya mobil 700juta sa nih masa hanya gubernur sa harus 8,5m nc 4-25",https://www.tiktok.com/@kinabe.lay30,https://www.tiktok.com/@3halll/video/7611863206281137428,,,,,,,,,,
223,@erwinpurnama885,jalan nya di perbaiki biar bisa make avanza 4-7,https://www.tiktok.com/@erwinpurnama885,https://www.tiktok.com/@suka.otom0tif/video/7612478466214104328,,,,,,,,,,
224,@natte094,gw aja malu sama pemerintah gw sendiri di kaltim😂 3-22,https://www.tiktok.com/@natte094,https://www.tiktok.com/@themis.law3/video/7612442626234633480,,,,,,,,,,
225,@mnurrahman20,"nah jalanya bang yg mau di lewatin mobil 8,5 m😳 3-5",https://www.tiktok.com/@mnurrahman20,https://www.tiktok.com/@botakteras/video/7613416347250314517,,,,,,,,,,
226,@user4050227010443,perlu dipriksa 2-18,https://www.tiktok.com/@user4050227010443,https://www.tiktok.com/@ashepsayfullq/video/7608021220088433936,,,,,,,,,,
227,@alvin14572,gubernur kaltim utusan dari partai mana......? 3-1,https://www.tiktok.com/@alvin14572,https://www.tiktok.com/@detik.lebak/video/7612096372824608008,,,,,,,,,,
228,@bung_hew,tegur ❎ sindir✅ 3-20,https://www.tiktok.com/@bung_hew,https://www.tiktok.com/@beritasatuofficial/video/7619163357022997780,,,,,,,,,,
229,@aly.cross07,marwah siapa pak.... marwah kaltim adalah masyarakatnya sejahtera pemimpinnya amanah pembangunan infrastruktur bagus..janji ditepati. 3-2,https://www.tiktok.com/@aly.cross07,https://www.tiktok.com/@f.405_/video/7612591026666048789,,,,,,,,,,
230,@sro.sahyd,kumaha piikirana etta Gub 3-2,https://www.tiktok.com/@sro.sahyd,https://www.tiktok.com/@suka.otom0tif/video/7612478466214104328,,,,,,,,,,
231,@nugerahantofilza20,"padahal banyak mobil tangguh lainnya kayak Ford , Pajero , Fortuner dll itu kan dibawah 1m 3-23",https://www.tiktok.com/@nugerahantofilza20,https://www.tiktok.com/@3halll/video/7611863206281137428,,,,,,,,,,
232,@muhamadibrahim864,4-10,https://www.tiktok.com/@muhamadibrahim864,https://www.tiktok.com/@keadilanfiktif/video/7615447599402798357,,,,,,,,,,
233,@rofie_pratama,"Mau tanya, siapa yg pilih gubernur itu ?? gubernur kaltim ?? 5-27",https://www.tiktok.com/@rofie_pratama,https://www.tiktok.com/@tripol.co/video/7642126377168293141,,,,,,,,,,
234,@xuxicarls,dikira ini era Bridgerton kali😭 2-27,https://www.tiktok.com/@xuxicarls,https://www.tiktok.com/@media_indonesia/video/7611183349964524821,,,,,,,,,,
235,@sweet.alesha,mantapp bang aku suka aku suka 😂 3-2,https://www.tiktok.com/@sweet.alesha,https://www.tiktok.com/@sigit_sugiana/video/7612287428258237704,,,,,,,,,,
236,@user0888855686655,700 jt pake hanya🗿 3-26,https://www.tiktok.com/@user0888855686655,https://www.tiktok.com/@millenialzkece/video/7621132387426061575,,,,,,,,,,
237,@novi.lestari777,pecat aja turun kan kalau tidak perhatikan rakyat 5-6,https://www.tiktok.com/@novi.lestari777,https://www.tiktok.com/@asbo.titha/video/7632508094207085842,,,,,,,,,,
238,@agus.yudha23,jangan adal ngomong mas diberita mana 3-10,https://www.tiktok.com/@agus.yudha23,https://www.tiktok.com/@relung.id/video/7611814381126520065,,,,,,,,,,
239,@suarchandi,"mantap kai , sehat slalu 4-23",https://www.tiktok.com/@suarchandi,https://www.tiktok.com/@damarmart/video/7631483584649481479,,,,,,,,,,
240,@mustam79,orang kaya bagi saya orang yg tdk punya hutang 2-27,https://www.tiktok.com/@mustam79,https://www.tiktok.com/@aimambandung/video/7611327878239620372,,,,,,,,,,
241,@fans.el.real0,bukan nya ditambal jalan nya tapi membeli mobil mahal 3-25,https://www.tiktok.com/@fans.el.real0,https://www.tiktok.com/@3halll/video/7611863206281137428,,,,,,,,,,
242,@deafajar_,lapor KPK lsg turun 2-18,https://www.tiktok.com/@deafajar_,https://www.tiktok.com/@ashepsayfullq/video/7608021220088433936,,,,,,,,,,
243,@godok698,ciri korop 2-26,https://www.tiktok.com/@godok698,https://www.tiktok.com/@mata_publik_/video/7608632050790239495,,,,,,,,,,
244,@cahyudin69,jangan omon omon doang pak wowo 3-25,https://www.tiktok.com/@cahyudin69,https://www.tiktok.com/@millenialzkece/video/7621132387426061575,,,,,,,,,,
245,@ammarzai650,napa tak betulkan jalan je😅 3-9,https://www.tiktok.com/@ammarzai650,https://www.tiktok.com/@3halll/video/7611863206281137428,,,,,,,,,,
246,@jemii897,Target Nya Gedung Merah Putih ini 😂😂 2-25,https://www.tiktok.com/@jemii897,https://www.tiktok.com/@the_amor70/video/7610666343985138951,,,,,,,,,,
247,@_beeyyyyy,dulu yg milih siapa sih😂 4-29,https://www.tiktok.com/@_beeyyyyy,https://www.tiktok.com/@themis.law3/video/7612442626234633480,,,,,,,,,,
248,@sonyakhbar5,"Ngapo di pulangke, mana KPK usut tuntas 3-2",https://www.tiktok.com/@sonyakhbar5,https://www.tiktok.com/@beritakukar/video/7612310183590530324,,,,,,,,,,
249,@teguhharyono64,parah ni Gub kaltim 2-27,https://www.tiktok.com/@teguhharyono64,https://www.tiktok.com/@the_amor70/video/7610666343985138951,,,,,,,,,,
250,@alitapena0,kalo di tempatku suka banyak di sawah pas padi udah berbuah biasaNya buat nakutin burung 3-7,https://www.tiktok.com/@alitapena0,https://www.tiktok.com/@sindonews/video/7611810371535375633,,,,,,,,,,
251,@enal_epponabbas,jujur saya kelahiran Kaltim.. sangat malu dengan hujatan warga net... kpan yah punya pemimpin kaya KDM... 3-4,https://www.tiktok.com/@enal_epponabbas,https://www.tiktok.com/@ae_affiliat/video/7612919691111107848,,,,,,,,,,
252,@sigma.cat50,gw di kaltim 4-23,https://www.tiktok.com/@sigma.cat50,https://www.tiktok.com/@aditya.yudono/video/7631554392633675028,,,,,,,,,,
253,@papisultan82,"curhat Mulu ini presiden, byk ngomong drpd tindakan 3-20",https://www.tiktok.com/@papisultan82,https://www.tiktok.com/@beritasatuofficial/video/7619163357022997780,,,,,,,,,,
254,@anggajulian207,"8,5m kalo pake buat nambal jalan lumayan tuh 3-5",https://www.tiktok.com/@anggajulian207,https://www.tiktok.com/@politikdotin/video/7612142044219231508,,,,,,,,,,
255,@wattimena4,gaya tdk sesuai dgn kinerja 3-20,https://www.tiktok.com/@wattimena4,https://www.tiktok.com/@ashepsayfullq/video/7608021220088433936,,,,,,,,,,
256,@iis.winarti5,setujuuuuuuuu bingit 5-16,https://www.tiktok.com/@iis.winarti5,https://www.tiktok.com/@paramedis_army/video/7640251593434221845,,,,,,,,,,
257,@iamjadenhokuowei,Gubenur syampachhh😅😅😅 2-25,https://www.tiktok.com/@iamjadenhokuowei,https://www.tiktok.com/@wakandatalks_id/video/7610767646996368661,,,,,,,,,,
258,@annalulamii,klo di usut gmn dgn org2 yg bersangkutan dgn pengadaan barang ya?? dri jabat sibuk urus marwah bkn urut warga kaltim.. 5-5,https://www.tiktok.com/@annalulamii,https://www.tiktok.com/@aby.drone/video/7631155160395402516,,,,,,,,,,
259,@rendirandi741,mundur dri jabatanmu dn mundur dinastimu 4-21,https://www.tiktok.com/@rendirandi741,https://www.tiktok.com/@prabsri1/video/7631102459582336277,,,,,,,,,,
260,@dhenzhan_37,masa iya mobil nya bagus. yang naik nya jelek.. jaga dong Marwah mobil nya... 3-31,https://www.tiktok.com/@dhenzhan_37,https://www.tiktok.com/@sahambijak0/video/7611953329421421845,,,,,,,,,,
261,@the_korehcok,[Stiker] 3-23,https://www.tiktok.com/@the_korehcok,https://www.tiktok.com/@politikdotin/video/7612142044219231508,,,,,,,,,,
262,@arifbahaa,"Siapa pun bisa tau dan ngerti, walau pak presiden engga bilang gitu 3-20",https://www.tiktok.com/@arifbahaa,https://www.tiktok.com/@ompro_autocaree/video/7614061884127317266,,,,,,,,,,
263,@saifulbaqa12,semua pandai bersilat lidah gubernurx ketua dprx sekdax smpai kasix jg bgtu 3-4,https://www.tiktok.com/@saifulbaqa12,https://www.tiktok.com/@beritakukar/video/7613011166838738196,,,,,,,,,,
264,@moh.suryadi397,mantab KPK 3-4,https://www.tiktok.com/@moh.suryadi397,https://www.tiktok.com/@relung.id/video/7611814381126520065,,,,,,,,,,
265,@muhammd_daffa5,"org Kaltim asli cuma Diam ngk mau koment apa""👍 3-4",https://www.tiktok.com/@muhammd_daffa5,https://www.tiktok.com/@ae_affiliat/video/7612919691111107848,,,,,,,,,,
266,@alvynn01_,titik terendah di gosipin presiden 3-28,https://www.tiktok.com/@alvynn01_,https://www.tiktok.com/@fans_pak_prabowo/video/7621100320243928341,,,,,,,,,,
267,@arif2291,ko Gk risih yaa naiknya padahal kan Rakyat 🤣 2-22,https://www.tiktok.com/@arif2291,https://www.tiktok.com/@kutai.dailynews/video/7609068555455253780,,,,,,,,,,
268,@viyaa8992,mobil elit jalan sulit 5-14,https://www.tiktok.com/@viyaa8992,https://www.tiktok.com/@aditya.yudono/video/7631554392633675028,,,,,,,,,,
269,@storytiktok6077,info takjil 3-5,https://www.tiktok.com/@storytiktok6077,https://www.tiktok.com/@kompastv_jateng/video/7613321888445615381,,,,,,,,,,
270,@leonardo_di_catmeeow,"Emang bukan sekedarnya, tapi ya jangan yang paling mewah juga. Itu kan bukan uang kamu. Kalo kamu beli pake duit sendiri Roll Royce juga gak apa 2-25",https://www.tiktok.com/@leonardo_di_catmeeow,https://www.tiktok.com/@operasikhusus/video/7610752915036310791,,,,,,,,,,
271,@rahma.wati5721,😍😍😍 tetap sehat 💪💪💪 sukses slalu Bpk KDM 🤲🤲🤲👍👍👍 5-22,https://www.tiktok.com/@rahma.wati5721,https://www.tiktok.com/@tripol.co/video/7642126377168293141,,,,,,,,,,
272,@bglesmana6,apa hubungan nya dengan kemewahan kendaraan pak? sesungguh nya marwah kaltim ekonomi rakyat nya meningkat jalan di kaltim bagus semua dan kesederhanaan pejabat nya itu marwah sesungguh nya.. 4-16,https://www.tiktok.com/@bglesmana6,https://www.tiktok.com/@ip.alphawolf/video/7629140462753926420,,,,,,,,,,
273,@anindanie12,berasa kate middleton bgt dah 2-26 35.2K,https://www.tiktok.com/@anindanie12,https://www.tiktok.com/@media_indonesia/video/7611183349964524821,,,,,,,,,,
274,@aplikasicuangacor,"Coba pakai mobil sigra aja pak, sisa nya buat benerin jalan 2-27",https://www.tiktok.com/@aplikasicuangacor,https://www.tiktok.com/@libra.pahing1/video/7611302313097153813,,,,,,,,,,
275,@nona_manizze,Terimakasih kasih Kaii atas Beasiswa Kal-Tim tuntas nya.. 🙏🙏 4-23,https://www.tiktok.com/@nona_manizze,https://www.tiktok.com/@damarmart/video/7631483584649481479,,,,,,,,,,
276,@user9431082096313,betul tu kai mantap KAI pahamlah ikam 5-18,https://www.tiktok.com/@user9431082096313,https://www.tiktok.com/@damarmart/video/7631483584649481479,,,,,,,,,,
277,@pandujuansyahcihvu,jam juga mahal itu weded korupsi terossssss 2-25,https://www.tiktok.com/@pandujuansyahcihvu,https://www.tiktok.com/@wglobalmedia/video/7610699657475329298,,,,,,,,,,
278,@sndyrisky,Pejabat naik mobil mewah rakyat nya jalan rusak parahh 3-4,https://www.tiktok.com/@sndyrisky,https://www.tiktok.com/@botakteras/video/7613416347250314517,,,,,,,,,,
279,@linahastaririn1,KTP ku kaltim tapi aku tinggal di jatim ya Allah podo ae. pingin pindah ke maluku aja rasanya 5-23,https://www.tiktok.com/@linahastaririn1,https://www.tiktok.com/@tripol.co/video/7642126377168293141,,,,,,,,,,
280,@mhdariansyahp,"bisa gak ya setiap pidato para pejabat atau pemerintah , gak usah pake bawa"" partai... mending fokus gimna cara nya buat negara ini maju dan sejahtera... kalau mau cerita partai nanti buat porum sendiri... 3-10",https://www.tiktok.com/@mhdariansyahp,https://www.tiktok.com/@ompro_autocaree/video/7614061884127317266,,,,,,,,,,
281,@orang.orang212,gubenur. Kaltim harus. belajar dari. Usman. bin Affan. . dia pemimpin yg. takut. rakyatnya ada yg lapar . 3-6,https://www.tiktok.com/@orang.orang212,https://www.tiktok.com/@ashepsayfullq/video/7608021220088433936,,,,,,,,,,
282,@putralasak3,jangan sampai KDM tau... 😅😅😅 3-3,https://www.tiktok.com/@putralasak3,https://www.tiktok.com/@morrodin88/video/7611104729929747733,,,,,,,,,,
283,@sujanana0,gw aja pake honda beat 3-21,https://www.tiktok.com/@sujanana0,https://www.tiktok.com/@wargawargi2025/video/7619281381293755669,,,,,,,,,,
284,@alviannn2,mana ni masyarakat Kaltim...👌 3-1,https://www.tiktok.com/@alviannn2,https://www.tiktok.com/@detik.lebak/video/7612096372824608008,,,,,,,,,,
285,@kingawurpermana,marwah kok di mobil. di jalanan pak. 3-2,https://www.tiktok.com/@kingawurpermana,https://www.tiktok.com/@lensanalarcom/video/7610698043981090068,,,,,,,,,,
286,@chandrah76,"KLO bisa Marwah jalan egk apa""yg penting gaya mobil dinas nya 3-25",https://www.tiktok.com/@chandrah76,https://www.tiktok.com/@f.405_/video/7612591026666048789,,,,,,,,,,
287,@gerimis.mengundan040,harap2 di panggil SMA kpk 2-27,https://www.tiktok.com/@gerimis.mengundan040,https://www.tiktok.com/@libra.pahing1/video/7611302313097153813,,,,,,,,,,
288,@queenkhaw7,ini lagu nyampe ga sih ke Bu gubernur kaltim😅 5-29,https://www.tiktok.com/@queenkhaw7,https://www.tiktok.com/@tripol.co/video/7642126377168293141,,,,,,,,,,
289,@candra.fahmi,"Gubernur kaltim ini org paling kuat se Indonesia, bahkan KpK dan kejaksaan pun g mampu menyentuhnya 3-5",https://www.tiktok.com/@candra.fahmi,https://www.tiktok.com/@kompastv_jateng/video/7613321888445615381,,,,,,,,,,
290,@kemaszaa,mahalan mobil gub kaltim ketimbang mobil presiden 2-25,https://www.tiktok.com/@kemaszaa,https://www.tiktok.com/@ashepsayfullq/video/7608021220088433936,,,,,,,,,,
291,@kacang_lidi,gue cuma binggung kok bisa di approve renovasi 25m? 😳 4-23,https://www.tiktok.com/@kacang_lidi,https://www.tiktok.com/@bonekanegara.in/video/7631481627989839105,,,,,,,,,,
292,@jhon.andes6,POLITIKUS harus seperti itu.... 3-1,https://www.tiktok.com/@jhon.andes6,https://www.tiktok.com/@arnews91/video/7612104540015414548,,,,,,,,,,
293,@samsung.indo402,jalannya bos perbaiki bukan beli mobil mewahh😏 3-20,https://www.tiktok.com/@samsung.indo402,https://www.tiktok.com/@sahambijak0/video/7611953329421421845,,,,,,,,,,
294,@wiidd.07_,"knp presiden naik mobil 700jt, sedangkan rakyatnya saja kredit motor listrik 3-21",https://www.tiktok.com/@wiidd.07_,https://www.tiktok.com/@beritasatuofficial/video/7619163357022997780,,,,,,,,,,
295,@panglima_kijang_kencana,"Assalamualaikum buat kita semua. Wajar aja dia menikmati peselitas itu. Kerna dia juga berjuang berdarah darah berkorban harta benda"" baru bisa duduk jadi gubernur kaltim. KERNA ITU PILIHAN KALIAN JUGA DIA JADI PEJABAT DAN GUBERNUR KALTIM. LEBIH BAIK KITA SENERGI MEMBANGUN KALTIM. Jadi kita jangan membuli' menghujat dan gibahnya ya kawan. Seharusnya kita dukung program beliau agar maksimal membangun kaltim. Ingat kawan manusia itu tidak ada yang sempurna. DIA JUGA BERBUAT SEPERTI ITU. BUAT MASRA",https://www.tiktok.com/@panglima_kijang_kencana,https://www.tiktok.com/@relung.id/video/7611773381997890833,,,,,,,,,,
296,@alee_140197,"bukan 2ribu, tp 4ribu lebih ya 4-23",https://www.tiktok.com/@alee_140197,https://www.tiktok.com/@bonekanegara.in/video/7631481627989839105,,,,,,,,,,
297,@ibu.priyo,"Lah gpp bang mobil jelek yg penting msh bisa d pake asal wilayahnya baik rapih jlnnya bagus & rakyatnya Senang hidupnya, pasti yg bagus kan para pejabatnya jg bnr g sih 5-12",https://www.tiktok.com/@ibu.priyo,https://www.tiktok.com/@f.405_/video/7612591026666048789,,,,,,,,,,
298,@zilva_adadisini9495,astaghfirullah 4-22,https://www.tiktok.com/@zilva_adadisini9495,https://www.tiktok.com/@bonekanegara.in/video/7631481627989839105,,,,,,,,,,
299,@pwn_garage1,pinter omong 3-1,https://www.tiktok.com/@pwn_garage1,https://www.tiktok.com/@beritaenamdua/video/7612139610507873557,,,,,,,,,,
300,@barry.gallen,DPRD pasti sudah mengkaji dan menyetujui anggaran ini. Jadi secara administrasi pasti sudah aman 3-4,https://www.tiktok.com/@barry.gallen,https://www.tiktok.com/@tikuskokberdasi/video/7613343929244618005,,,,,,,,,,
301,@harta_tahta_umroh,MOBIL PRESIDEN AJA GA SEGITU😂 3-5,https://www.tiktok.com/@harta_tahta_umroh,https://www.tiktok.com/@tikuskokberdasi/video/7613343929244618005,,,,,,,,,,
302,@yuke.sumeru2,monyet kampung 😂😂😂 4-25,https://www.tiktok.com/@yuke.sumeru2,https://www.tiktok.com/@asbo.titha/video/7632508094207085842,,,,,,,,,,
303,@7362863sjdiej,sindir tanpa tindakan juga fungsinya apa 3-21,https://www.tiktok.com/@7362863sjdiej,https://www.tiktok.com/@wargawargi2025/video/7619281381293755669,,,,,,,,,,
304,@siti.marni94,ya allah parah.... 4-24,https://www.tiktok.com/@siti.marni94,https://www.tiktok.com/@prapancas/video/7631918131128061191,,,,,,,,,,
305,@krupukmlemp,woiiiii...jalannya yg diperbaiki.malah beli mobil mewah 2-25,https://www.tiktok.com/@krupukmlemp,https://www.tiktok.com/@wglobalmedia/video/7610699657475329298,,,,,,,,,,
306,@user81774052981673,😁😁😁 2-24,https://www.tiktok.com/@user81774052981673,https://www.tiktok.com/@klikkaltim_/video/7610061418548808967,,,,,,,,,,
307,@army16556,GEMES NGELIHAT NYA... IH GK TAU MAU KOMEN APA. SI MARWAH. AKU PANGGIL DIA SI MARWAH AJ LAH 3-27,https://www.tiktok.com/@army16556,https://www.tiktok.com/@f.405_/video/7612591026666048789,,,,,,,,,,
308,@user9292094939676,"Fortuner, Pajero dan yg selevel sdh cukup kok. 2-25",https://www.tiktok.com/@user9292094939676,https://www.tiktok.com/@operasikhusus/video/7610752915036310791,,,,,,,,,,
309,@nisnis465,[Stiker] 4-22,https://www.tiktok.com/@nisnis465,https://www.tiktok.com/@apasaja2825/video/7620377571229781269,,,,,,,,,,
310,@chocomaltman,"puncak komedinya ""saya ajaa cuman 700jt dia malah 8m🤣"" 3-20",https://www.tiktok.com/@chocomaltman,https://www.tiktok.com/@beritasatuofficial/video/7619163357022997780,,,,,,,,,,
311,@suwajidua,"setuju,777 5-16",https://www.tiktok.com/@suwajidua,https://www.tiktok.com/@paramedis_army/video/7640251593434221845,,,,,,,,,,
312,@mart7401,warwah Kalimantan 3-4,https://www.tiktok.com/@mart7401,https://www.tiktok.com/@detik.lebak/video/7612096372824608008,,,,,,,,,,
313,@lidi4774,udah ketakutan sama KPK. 3-2,https://www.tiktok.com/@lidi4774,https://www.tiktok.com/@beritakukar/video/7612310183590530324,,,,,,,,,,
314,@pemerhatikalaucocokjadi,kebaya aja tp over power bgt cantiknya 2-27,https://www.tiktok.com/@pemerhatikalaucocokjadi,https://www.tiktok.com/@media_indonesia/video/7611183349964524821,,,,,,,,,,
315,@re_nathaayu,3-9,https://www.tiktok.com/@re_nathaayu,https://www.tiktok.com/@themis.law3/video/7612442626234633480,,,,,,,,,,
316,@changliya,waduhh mobil mewah .jalan nya rusak nanti monil cepat rusak 3-1,https://www.tiktok.com/@changliya,https://www.tiktok.com/@beritaenamdua/video/7612139610507873557,,,,,,,,,,
317,@asiaanur96,Blunder terus ya gubernur kaltim ini 😅 4-16,https://www.tiktok.com/@asiaanur96,https://www.tiktok.com/@ip.alphawolf/video/7629140462753926420,,,,,,,,,,
318,@user4917255918830,Audit segera 👍 2-27,https://www.tiktok.com/@user4917255918830,https://www.tiktok.com/@aimambandung/video/7611327878239620372,,,,,,,,,,
319,@agensolo4,"lah lu kan presiden ,ya buat lah peraturan, jgn cm ngomong kosong 3-21",https://www.tiktok.com/@agensolo4,https://www.tiktok.com/@beritasatuofficial/video/7619163357022997780,,,,,,,,,,
320,@alfar8717,sip,https://www.tiktok.com/@alfar8717,https://www.tiktok.com/@paramedis_army/video/7640251593434221845,,,,,,,,,,
321,@mustofingah0,mau mobil mahal maupun mobil murah bagi rakyat ga ngaruh.yg penting kerjanya untuk rakyat.aneh....aneh....bukanya mikir rakyatnya gmn malah mikirin Marwah jdi pejabat. 2-26,https://www.tiktok.com/@mustofingah0,https://www.tiktok.com/@kutai.dailynews/video/7609068555455253780,,,,,,,,,,
322,@blasus36,Se 7 5-16,https://www.tiktok.com/@blasus36,https://www.tiktok.com/@paramedis_army/video/7640251593434221845,,,,,,,,,,
323,@sukardi196842,👍👍👍 4-27,https://www.tiktok.com/@sukardi196842,https://www.tiktok.com/@tyasmira81/video/7610723179446783252,,,,,,,,,,
324,@sayank969696969696,yg milih siapa pertanyaan begitu 5-27,https://www.tiktok.com/@sayank969696969696,https://www.tiktok.com/@prapancas/video/7631918131128061191,,,,,,,,,,
325,@user1561321431059k,sehat selalu bapak Isran Noor 4-22,https://www.tiktok.com/@user1561321431059k,https://www.tiktok.com/@damarmart/video/7631483584649481479,,,,,,,,,,
326,@user4752781248182,mobil untuk keluarga gengsi nya dia sendiriiiiiiiiii 2-27,https://www.tiktok.com/@user4752781248182,https://www.tiktok.com/@operasikhusus/video/7610752915036310791,,,,,,,,,,
327,@user3454613188756,mikir ojo gawe sempatan kesepitan duwete sopo 5-24,https://www.tiktok.com/@user3454613188756,https://www.tiktok.com/@asbo.titha/video/7632508094207085842,,,,,,,,,,
328,@agussetiawan2109,sini lah ke bontang lewat darat jngan kau lewat muara badak lewat jalan poros ny🤣🤣🤣 2-23,https://www.tiktok.com/@agussetiawan2109,https://www.tiktok.com/@klikkaltim_/video/7610061418548808967,,,,,,,,,,
329,@cablack008,Gak di pusat gak di pedesaan pejabatnya sama pemikirannya pada kebalik semua..! 2-27,https://www.tiktok.com/@cablack008,https://www.tiktok.com/@libra.pahing1/video/7611302313097153813,,,,,,,,,,
330,@agusprianto172,"serius nanya, kok platnya putih? bukannya harusnya merah? terus yaa, INI RAKYAT KALTIM DIEM AJA SERIUS? KALIAN MUAK NGGA SI? 2-28",https://www.tiktok.com/@agusprianto172,https://www.tiktok.com/@arteranews.id/video/7611460664074390804,,,,,,,,,,
331,@nazir.ziran,"KPK,,,mana,,? 3-10",https://www.tiktok.com/@nazir.ziran,https://www.tiktok.com/@keadilanfiktif/video/7615447599402798357,,,,,,,,,,
332,@yahooyay08,"duhhhh pak Gub.....semoga semua sarana prasarana, infrastruktur kaltim telah disediakan/dibangun dengan baik untuk meningkatkan perekonomian dan kesejateraan. ada standarisasi spek dan harga kendaraan. estimasi rata2 harga mobil dinas menteri 1,5 M???? 2-26",https://www.tiktok.com/@yahooyay08,https://www.tiktok.com/@morrodin88/video/7611104729929747733,,,,,,,,,,
333,@irpan_putra24,"masak mobil 8M dinaikin orang ala kadarnya, janganndong, kasihan mobilnya 3-26",https://www.tiktok.com/@irpan_putra24,https://www.tiktok.com/@fans_pak_prabowo/video/7621100320243928341,,,,,,,,,,
334,@maijah020,srtuju 5-17,https://www.tiktok.com/@maijah020,https://www.tiktok.com/@paramedis_army/video/7640251593434221845,,,,,,,,,,
335,@wongtsugie2,"jadi Mobil 8,5M lebih penting ketimbang mengaspal akses jalan² yg rusak.??? 3-2",https://www.tiktok.com/@wongtsugie2,https://www.tiktok.com/@beritakukar/video/7612310183590530324,,,,,,,,,,
336,@r.i.s.k.i55,Parobowo ni bosss 3-26,https://www.tiktok.com/@r.i.s.k.i55,https://www.tiktok.com/@millenialzkece/video/7621132387426061575,,,,,,,,,,
337,@userblackhole0,jalan jalan kabupaten saja masih lumpur 4-1,https://www.tiktok.com/@userblackhole0,https://www.tiktok.com/@keadilanfiktif/video/7615447599402798357,,,,,,,,,,
338,@mas.t683,mas Gibran mobil apa yang di pake cobak 3-2,https://www.tiktok.com/@mas.t683,https://www.tiktok.com/@sahambijak0/video/7611953329421421845,,,,,,,,,,
339,@kepo.banget.sih756,[Stiker] Marwah nama aing 4-23,https://www.tiktok.com/@kepo.banget.sih756,https://www.tiktok.com/@ibarat_azra/video/7631776481781271826,,,,,,,,,,
340,@anifamufida,pemimpin seperti ini kok malah di pilih ... kasian rakyat lagi lagi tertipu 3-5,https://www.tiktok.com/@anifamufida,https://www.tiktok.com/@ae_affiliat/video/7612919691111107848,,,,,,,,,,
341,@vil4aaa_,Aura ngabisin duit kuat banget lagi wkwkwk 2-27,https://www.tiktok.com/@vil4aaa_,https://www.tiktok.com/@media_indonesia/video/7611183349964524821,,,,,,,,,,
342,@errykhienzsusanoo,ini video asli nya kok gk ada ya apa di suruh hapus kah? @David Alfa Sunarna 5-8,https://www.tiktok.com/@errykhienzsusanoo,https://www.tiktok.com/@masss_mulll/video/7610745658986745095,,,,,,,,,,
343,@usernamenotfound12329,sebuah daerah dilihat dari masyarakatnya bukan dari kekayaan pemimpinnya 3-7,https://www.tiktok.com/@usernamenotfound12329,https://www.tiktok.com/@sentilin_indonesia/video/7613820353550306581,,,,,,,,,,
344,@ayah.athar8,oi oi oi oi oooooii 2-28,https://www.tiktok.com/@ayah.athar8,https://www.tiktok.com/@wakandatalks_id/video/7610767646996368661,,,,,,,,,,
345,@jxaverious,toilet 3 m renovasi rumah 25 m mobil 8.5 m real Raja Kaltim 4-15,https://www.tiktok.com/@jxaverious,https://www.tiktok.com/@sentilin_indonesia/video/7613820353550306581,,,,,,,,,,
346,@asep.sujana778,"kuropsi besar besaran buat beli mobil,,, 3-2",https://www.tiktok.com/@asep.sujana778,https://www.tiktok.com/@harianda19/video/7611777664621350164,,,,,,,,,,
347,@arfaalkapi,kenapaya tinggal beli isuzu mux 4-27,https://www.tiktok.com/@arfaalkapi,https://www.tiktok.com/@3halll/video/7611863206281137428,,,,,,,,,,
348,@yusuframadhan741,"bisa beli ini,juga pdhl 3-5",https://www.tiktok.com/@yusuframadhan741,https://www.tiktok.com/@botakteras/video/7613416347250314517,,,,,,,,,,
349,@carissa.imup,first 4-23,https://www.tiktok.com/@carissa.imup,https://www.tiktok.com/@prapancas/video/7631918131128061191,,,,,,,,,,
350,@topik.hidayat.hid3,pecat 4-25,https://www.tiktok.com/@topik.hidayat.hid3,https://www.tiktok.com/@f.405_/video/7612591026666048789,,,,,,,,,,
351,@ciasingkyznn,Stop membuli..!! kalian TDK tau tentang rudi mas’ud kalian hanya melihat sisi buruknya saja..padahal sisi baiknya tidak ada... 4-29,https://www.tiktok.com/@ciasingkyznn,https://www.tiktok.com/@apasaja2825/video/7620377571229781269,,,,,,,,,,
352,@dhewspt,"@🌍:🤣🤣🤣🤣 GUBERNUR KALTIM Rudy Mas'ud, ISTRI GUBERNUR KALTIM Sarifah Suraidah (Anggota DPR RI), KETUA DPRD KALTIM Hasan Mas'ud, WALIKOTA BALIKPAPAN Rahmad Mas'ud, KETUA KADIM Putri Amanda Nurrahmadi (KATANYA KEPONAKAN), MANTAN BUPATI PENAJAM PASER UTARA Abdul Gafur Mas'ud (OTT KPK).... 3-5",https://www.tiktok.com/@dhewspt,https://www.tiktok.com/@ae_affiliat/video/7612919691111107848,,,,,,,,,,
353,@denny_baraguna,"Marwah bos,,, Marwah bukan Arwah ya 🙏 3-19",https://www.tiktok.com/@denny_baraguna,https://www.tiktok.com/@sigit_sugiana/video/7612287428258237704,,,,,,,,,,
354,@hairul5333,Ayu ting ting naik grobak yg penting kita kopak .kocak bener deh jadi GUBERNUR🤣🤣 2-27,https://www.tiktok.com/@hairul5333,https://www.tiktok.com/@arteranews.id/video/7611460664074390804,,,,,,,,,,
355,@ptrtliaa_,bilang aja bapak iri 3-26,https://www.tiktok.com/@ptrtliaa_,https://www.tiktok.com/@millenialzkece/video/7621132387426061575,,,,,,,,,,
356,@raditttq,@ 4-27,https://www.tiktok.com/@raditttq,https://www.tiktok.com/@jollyroger.strawhat/video/7614678060616404245,,,,,,,,,,
357,@nugraha_818,Lah 3-1,https://www.tiktok.com/@nugraha_818,https://www.tiktok.com/@beritaenamdua/video/7612139610507873557,,,,,,,,,,
358,@enitribudiarti,setuju,https://www.tiktok.com/@enitribudiarti,https://www.tiktok.com/@paramedis_army/video/7640251593434221845,,,,,,,,,,
359,@arief.arf,ini kpk enggak curiga apa? 3-9,https://www.tiktok.com/@arief.arf,https://www.tiktok.com/@sentilin_indonesia/video/7613820353550306581,,,,,,,,,,
360,@anjas28674,mobil mewah jalan parah😅 4-28,https://www.tiktok.com/@anjas28674,https://www.tiktok.com/@sahambijak0/video/7611953329421421845,,,,,,,,,,
361,@ree_aree_,Rudy Mas'ud - Gubernur Kaltim.. Hasanuddin Mas'ud (kakak nya) - ketua DPRD Kaltim.. Rahmad Mas'ud (kakak nya) - walikota Balikpapan.. Sarifah Suraidah (istri nya) - komisi VI DPR RI (Golkar).. Abdul Gafur Mas'ud (adik nya) - bupati Penajam Paser Utara (OTT KPK 2022 nih) 2-28,https://www.tiktok.com/@ree_aree_,https://www.tiktok.com/@sindonews/video/7611810371535375633,,,,,,,,,,
362,@damarwulan2450,"kalau mau ngangkat Marwah masyrkat Kaltim jalannya di benerin , masyarakat nya di sejahterkn begitu bos..bukan mobil dinas mu saja yg yg di mewAhin... 3-3",https://www.tiktok.com/@damarwulan2450,https://www.tiktok.com/@f.405_/video/7612591026666048789,,,,,,,,,,
363,@masterrado1,😳😳 2-21,https://www.tiktok.com/@masterrado1,https://www.tiktok.com/@kutai.dailynews/video/7609068555455253780,,,,,,,,,,
364,@frzyy95,iq gubernur Kaltim kira kira berapa ya??🤔🤔 3-7,https://www.tiktok.com/@frzyy95,https://www.tiktok.com/@themis.law3/video/7612442626234633480,,,,,,,,,,
365,@novi_sopandi,bapak minta aja sekalian pesawat pribadi atau air jet pribadi semakin menyala anggaran nya 2-25,https://www.tiktok.com/@novi_sopandi,https://www.tiktok.com/@wglobalmedia/video/7610699657475329298,,,,,,,,,,
366,@rasipinanuar1,kasih yg terbaik dan tak dpt dilupakan oleh dinastinya 4-30,https://www.tiktok.com/@rasipinanuar1,https://www.tiktok.com/@prapancas/video/7631918131128061191,,,,,,,,,,
367,@gakkenall41,"pejabat jepang ae naek sepeda, itu juga beli sendiri 3-1",https://www.tiktok.com/@gakkenall41,https://www.tiktok.com/@sahambijak0/video/7611953329421421845,,,,,,,,,,
368,@bunda.tegas,kalau takut daerahnya kelihatan miskin... perbaiki dulu jalannya... 3-7,https://www.tiktok.com/@bunda.tegas,https://www.tiktok.com/@tikuskokberdasi/video/7613343929244618005,,,,,,,,,,
369,@azyyt8,mobil elit jalan sulit 4-23,https://www.tiktok.com/@azyyt8,https://www.tiktok.com/@ibarat_azra/video/7631776481781271826,,,,,,,,,,
370,@arkatama340,p 2-28,https://www.tiktok.com/@arkatama340,https://www.tiktok.com/@3halll/video/7611863206281137428,,,,,,,,,,
371,@lifeian,"jalannya yang harus dibagusin, bukan malah mobilnya yang diganti bagus 😂 2-21",https://www.tiktok.com/@lifeian,https://www.tiktok.com/@mata_publik_/video/7608632050790239495,,,,,,,,,,
372,@joker4343567,Marwah Kaltim jalan hampir jadi sawah😁😁😁 3-7,https://www.tiktok.com/@joker4343567,https://www.tiktok.com/@ummu.3.anak/video/7613157935157464340,,,,,,,,,,
373,@manwar3660,sepertinya malah tambah seru permainan baru dimulai 3-4,https://www.tiktok.com/@manwar3660,https://www.tiktok.com/@beritakukar/video/7613011166838738196,,,,,,,,,,
374,@egizidan4,bergerak turun kan jabatanya 2-25,https://www.tiktok.com/@egizidan4,https://www.tiktok.com/@the_amor70/video/7610666343985138951,,,,,,,,,,
375,@putralumajang41,harus di periksa KPK 3-7,https://www.tiktok.com/@putralumajang41,https://www.tiktok.com/@relung.id/video/7611814381126520065,,,,,,,,,,
376,@teresiasilo1teresiasilo1,ter lalu jga bgtu pak Rudi kan kasian kita yg laiinnn 4-25,https://www.tiktok.com/@teresiasilo1teresiasilo1,https://www.tiktok.com/@prapancas/video/7631918131128061191,,,,,,,,,,
377,@fikih929,beli mobil mewah itu luar biasa asalkan uang sendiri bukan uang anggaran daerah gak apa2 3-21,https://www.tiktok.com/@fikih929,https://www.tiktok.com/@sahambijak0/video/7611953329421421845,,,,,,,,,,
378,@akuapalah32,"8,5 M penunjukkan langsung? 3-4",https://www.tiktok.com/@akuapalah32,https://www.tiktok.com/@kompastv_jateng/video/7613321888445615381,,,,,,,,,,
379,@fenomenaalam62,itu mobil dinas kepala ditingkat desa y bro😁 3-2,https://www.tiktok.com/@fenomenaalam62,https://www.tiktok.com/@sigit_sugiana/video/7612287428258237704,,,,,,,,,,
380,@julakdalapan,padahal sadar medannya luar biasa berat 🗿 4-17,https://www.tiktok.com/@julakdalapan,https://www.tiktok.com/@beritakukar/video/7612310183590530324,,,,,,,,,,
381,@jio.agriffa,pantes aja banyak orang yang pengen lepas dari Indonesia orang pejabat nya aja gini😂 2-28,https://www.tiktok.com/@jio.agriffa,https://www.tiktok.com/@arteranews.id/video/7611460664074390804,,,,,,,,,,
382,@thuama73,hanya KPK harapan kita 2-27,https://www.tiktok.com/@thuama73,https://www.tiktok.com/@aimambandung/video/7611327878239620372,,,,,,,,,,
383,@yoonisya_,ga suka sama bapak ini 2-26,https://www.tiktok.com/@yoonisya_,https://www.tiktok.com/@metropolitan.id/video/7610646870599175445,,,,,,,,,,
384,@kingsamurai79,Pejabat bawahan itu mencobtoh atasannya. 2-27,https://www.tiktok.com/@kingsamurai79,https://www.tiktok.com/@libra.pahing1/video/7611302313097153813,,,,,,,,,,
385,@supribahtiar990,beli saja roket baru bapak ke planet mars 😂😂😂😂😂 2-25,https://www.tiktok.com/@supribahtiar990,https://www.tiktok.com/@operasikhusus/video/7610752915036310791,,,,,,,,,,
386,@jewawut13,masyarakat kaltim bangga punya gubernur itu pastinya 3-6,https://www.tiktok.com/@jewawut13,https://www.tiktok.com/@tikuskokberdasi/video/7613343929244618005,,,,,,,,,,
387,@lino_no67,sudah turun belum sih😭 5-22,https://www.tiktok.com/@lino_no67,https://www.tiktok.com/@tripol.co/video/7642126377168293141,,,,,,,,,,
388,@jenal.abidin108,masa iya jalannya kaya gitu masih lumpur ini 2026 bos bukan taun 1975😁😁😁😁🤭🤭🤭 3-5,https://www.tiktok.com/@jenal.abidin108,https://www.tiktok.com/@ummu.3.anak/video/7613157935157464340,,,,,,,,,,
389,@ha041443,"gini kalau gubernur nya hnya memikirkan diri sendiri ,bukan rakyat nya 2-21",https://www.tiktok.com/@ha041443,https://www.tiktok.com/@mata_publik_/video/7608632050790239495,,,,,,,,,,
390,@biekentakii,[Stiker] tidak fantass 3-25,https://www.tiktok.com/@biekentakii,https://www.tiktok.com/@millenialzkece/video/7621132387426061575,,,,,,,,,,
391,@jieeeeebon,jangan mikirin mobil dulu pak jalan aja benerin 4-18,https://www.tiktok.com/@jieeeeebon,https://www.tiktok.com/@ip.alphawolf/video/7629140462753926420,,,,,,,,,,
392,@bagiox391,😂 4-27,https://www.tiktok.com/@bagiox391,https://www.tiktok.com/@tyasmira81/video/7610723179446783252,,,,,,,,,,
393,@hasni.raihan,penampilannya bagus dan wibawa,https://www.tiktok.com/@hasni.raihan,https://www.tiktok.com/@sindonews/video/7611810371535375633,,,,,,,,,,
394,@bng.ozzy,"mobil angker,, di buka ada suara jin 3-2",https://www.tiktok.com/@bng.ozzy,https://www.tiktok.com/@sigit_sugiana/video/7612287428258237704,,,,,,,,,,
395,@destiadaily,"orang mah klo buat ngelewatin jalan kaltim yang hancur bukan beli mobil 8.5m, tapi benerin tuh jalan kaltim jalan aman&damai,rakyat aman tentram juga berguna untuk semua, untung aku di jabar 4-24",https://www.tiktok.com/@destiadaily,https://www.tiktok.com/@ibarat_azra/video/7631776481781271826,,,,,,,,,,
396,@arifdwip,sah puasanya kalo gibahin gubernur begini 3-4,https://www.tiktok.com/@arifdwip,https://www.tiktok.com/@the_amor70/video/7610666343985138951,,,,,,,,,,
397,@bagiox391,🥰 4-27,https://www.tiktok.com/@bagiox391,https://www.tiktok.com/@tyasmira81/video/7610723179446783252,,,,,,,,,,
398,@ekothegell,"klo untuk medan berat harusnya beli double cabbin, sprti strada, offroad itu yg khusus medan berat, 2-27",https://www.tiktok.com/@ekothegell,https://www.tiktok.com/@aimambandung/video/7611327878239620372,,,,,,,,,,
399,@vanzzreal31,Pasti anggaran buat tuh video nya tembus 30 m 4-23,https://www.tiktok.com/@vanzzreal31,https://www.tiktok.com/@ibarat_azra/video/7631776481781271826,,,,,,,,,,
400,@ipzzaja0210,4-29,https://www.tiktok.com/@ipzzaja0210,https://www.tiktok.com/@ip.alphawolf/video/7629140462753926420,,,,,,,,,,
401,@satriaraynaldy,demi Marwah kaltim 3-5,https://www.tiktok.com/@satriaraynaldy,https://www.tiktok.com/@kompastv_jateng/video/7613321888445615381,,,,,,,,,,
402,@MS4wLjABAAAAgzWQayqcPftcnPe8T6H1LkUsAwhElNHBMm2rEiaYq99Qj9PbFrc0YEaYSEak0bHA,masuk angin ini gubernur... 2-24,https://www.tiktok.com/@MS4wLjABAAAAgzWQayqcPftcnPe8T6H1LkUsAwhElNHBMm2rEiaYq99Qj9PbFrc0YEaYSEak0bHA,https://www.tiktok.com/@mata_publik_/video/7608632050790239495,,,,,,,,,,
403,@bagloeg5,mobil mahal jalan nya murahan 2-28,https://www.tiktok.com/@bagloeg5,https://www.tiktok.com/@lensanalarcom/video/7610698043981090068,,,,,,,,,,
404,@ddy_agus,"Kalau memang sudah waktunya peremajaan sesuai aturan, ya silakan saja dilakukan 3-4",https://www.tiktok.com/@ddy_agus,https://www.tiktok.com/@tikuskokberdasi/video/7613343929244618005,,,,,,,,,,
405,@polong_hijau,rumah dinas 25M lagi 4-22,https://www.tiktok.com/@polong_hijau,https://www.tiktok.com/@apasaja2825/video/7620377571229781269,,,,,,,,,,
406,@irwannedabang,gpp pake kijang tapi semua jalan bagus.masyarakat gak ngelu soal jln.. itu bru org akui😂🙏 3-7,https://www.tiktok.com/@irwannedabang,https://www.tiktok.com/@robi.plur/video/7611168030877322514,,,,,,,,,,
407,@tetehaniliyani,daripada buat mobilnya mending buat benerrin jalan nya x ya 😂😂😂 3-6,https://www.tiktok.com/@tetehaniliyani,https://www.tiktok.com/@themis.law3/video/7612442626234633480,,,,,,,,,,
408,@ravin.cent,cuman 700 jt 3-21,https://www.tiktok.com/@ravin.cent,https://www.tiktok.com/@wargawargi2025/video/7619281381293755669,,,,,,,,,,
409,@novi78144,kyk ridwan Kamil jg y... 5-24,https://www.tiktok.com/@novi78144,https://www.tiktok.com/@paramedis_army/video/7640251593434221845,,,,,,,,,,
410,@user116829135,bilang aja gengsi pakai mobil murah 2-25,https://www.tiktok.com/@user116829135,https://www.tiktok.com/@metropolitan.id/video/7610646870599175445,,,,,,,,,,
411,@wongkutai1331,Tanya sama Partai Pengusung nya 3-10,https://www.tiktok.com/@wongkutai1331,https://www.tiktok.com/@keadilanfiktif/video/7615447599402798357,,,,,,,,,,
412,@pejuang.rupiah2572,yang penting jaga Marwah😁😁😁 4-21,https://www.tiktok.com/@pejuang.rupiah2572,https://www.tiktok.com/@aby.drone/video/7631155160395402516,,,,,,,,,,
413,@virgo_aries17,klw aku punya gubernur yg di gossiping pak presiden malu banget 4-23,https://www.tiktok.com/@virgo_aries17,https://www.tiktok.com/@apasaja2825/video/7620377571229781269,,,,,,,,,,
414,@izanizan294,"ksi trun gubernur nya,, terlluh 4-23",https://www.tiktok.com/@izanizan294,https://www.tiktok.com/@aditya.yudono/video/7631554392633675028,,,,,,,,,,
415,@user6229518541751,capeeee..gw denger berita pejabat Konoha...ga sensitif sama rakyat nya 😂 2-25,https://www.tiktok.com/@user6229518541751,https://www.tiktok.com/@wglobalmedia/video/7610699657475329298,,,,,,,,,,
416,@ahmad.maulana2864,jalan nya yang di bagusin. bukan mobil ny yang di bagusin. ngak ada bagus bagus nya jadi pemimpin 3-9,https://www.tiktok.com/@ahmad.maulana2864,https://www.tiktok.com/@suka.otom0tif/video/7612478466214104328,,,,,,,,,,
417,@ngaonggg_,bukan mikirin jalan didaerah malah mikirin mobil 3-21,https://www.tiktok.com/@ngaonggg_,https://www.tiktok.com/@wargawargi2025/video/7619281381293755669,,,,,,,,,,
418,@bukan_siapasiapa865,"asli triton new ganteng bett, emg mitshubishi mau bikin mobilnya model dynamic shield 3-5",https://www.tiktok.com/@bukan_siapasiapa865,https://www.tiktok.com/@botakteras/video/7613416347250314517,,,,,,,,,,
419,@masagus130888,klo dana pribadi nya sendiri ya gpp. yg penting jangan uang dari korupsi 3-24,https://www.tiktok.com/@masagus130888,https://www.tiktok.com/@morrodin88/video/7611104729929747733,,,,,,,,,,
420,@rhanputra07,mantap ini la salah satu contoh manfaat uang pajak 3-3,https://www.tiktok.com/@rhanputra07,https://www.tiktok.com/@beritakukar/video/7612310183590530324,,,,,,,,,,
421,@jualangjualang,keren 4-23,https://www.tiktok.com/@jualangjualang,https://www.tiktok.com/@keadilanfiktif/video/7615447599402798357,,,,,,,,,,
422,@rara86477,Cek kpk 2-26,https://www.tiktok.com/@rara86477,https://www.tiktok.com/@ashepsayfullq/video/7608021220088433936,,,,,,,,,,
423,@buyungtriono,jika pejabat pakai mobil sederhana..justru rakyat semakin simpati pak...jaman berubah pak🤣🤣 2-25,https://www.tiktok.com/@buyungtriono,https://www.tiktok.com/@dokmus05/video/7610810591543823636,,,,,,,,,,
424,@supersatoru.id.store,membandingkan 2 hal yang buruk tidak membuat salah satu nya lebih benar 3-21,https://www.tiktok.com/@supersatoru.id.store,https://www.tiktok.com/@wargawargi2025/video/7619281381293755669,,,,,,,,,,
425,@andrry_17,😂😂😂 2-25,https://www.tiktok.com/@andrry_17,https://www.tiktok.com/@dokmus05/video/7610810591543823636,,,,,,,,,,
426,@wahyu_mxking2,gk butuh mobil dinas yang bgus yang kita semunya butuh kn itu jln yng bgus aku anak kaltim malu 🙏 3-7,https://www.tiktok.com/@wahyu_mxking2,https://www.tiktok.com/@ummu.3.anak/video/7613157935157464340,,,,,,,,,,
427,@asy..coy,ketahuan ....lah.....telanjur berkuasa...gak apa2 lah 2-25,https://www.tiktok.com/@asy..coy,https://www.tiktok.com/@the_amor70/video/7610666343985138951,,,,,,,,,,
428,@kmkm8468,"Lebih heran lagi, masyarakat dan mahasiswa disana pada diam ga ada yg bersuara 2-27",https://www.tiktok.com/@kmkm8468,https://www.tiktok.com/@arteranews.id/video/7611460664074390804,,,,,,,,,,
429,@nuryanto.to,karyawan outsourcing g ngerasa 5-24,https://www.tiktok.com/@nuryanto.to,https://www.tiktok.com/@wakandatalks_id/video/7610767646996368661,,,,,,,,,,
430,@dwifidiansari,beli sdri lah kalo yg shrga gtu..msa pake uang rakyat... 2-22,https://www.tiktok.com/@dwifidiansari,https://www.tiktok.com/@kutai.dailynews/video/7609068555455253780,,,,,,,,,,
431,@papabotuna,senang di atas penderitaan masyarakat 3-7,https://www.tiktok.com/@papabotuna,https://www.tiktok.com/@politikdotin/video/7612142044219231508,,,,,,,,,,
432,@toni.ton43,"di desa saya juga ada yg sekeluarga, mulai dari kades, sekdes, bendahara, rt,BPD, kaur, dusun 4-12",https://www.tiktok.com/@toni.ton43,https://www.tiktok.com/@keadilanfiktif/video/7615447599402798357,,,,,,,,,,
433,@d0kter.0dgj,ngusap idung mulu wk 3-6,https://www.tiktok.com/@d0kter.0dgj,https://www.tiktok.com/@kompastv_jateng/video/7613321888445615381,,,,,,,,,,
434,@rendyalzamaini,😂 5-23,https://www.tiktok.com/@rendyalzamaini,https://www.tiktok.com/@tyasmira81/video/7610723179446783252,,,,,,,,,,
435,@pandirecper2,masa iya mobil nya bagus yg naik nya jelek jangan dong jaga Marwah mobil nya 4-22,https://www.tiktok.com/@pandirecper2,https://www.tiktok.com/@apasaja2825/video/7620377571229781269,,,,,,,,,,
436,@cideen_v,lu follow gw fb 3-29,https://www.tiktok.com/@cideen_v,https://www.tiktok.com/@3halll/video/7611863206281137428,,,,,,,,,,
437,@didikprasetyo896,"inilah pejabt kita,rakyat akan trs di peras pajak 2-25",https://www.tiktok.com/@didikprasetyo896,https://www.tiktok.com/@the_amor70/video/7610666343985138951,,,,,,,,,,
438,@azharputrashale,gimana gak miskin. anggaran di pake pejabat nya untuk kepentingannya sendiri. 3-6,https://www.tiktok.com/@azharputrashale,https://www.tiktok.com/@sentilin_indonesia/video/7613820353550306581,,,,,,,,,,
439,@sangmantan898,emang kpk berani menyelidiki masalah ini oh tidak 🤣🤣🤣 3-4,https://www.tiktok.com/@sangmantan898,https://www.tiktok.com/@beritakukar/video/7613011166838738196,,,,,,,,,,
440,@bakoel.susuuht,"Ford Ranger Raptor 3.0 1,5 M masih dapat kembalian😅 3-7",https://www.tiktok.com/@bakoel.susuuht,https://www.tiktok.com/@botakteras/video/7613416347250314517,,,,,,,,,,
441,@denny.d466,keluarganya juga 😄😄😄 3-5,https://www.tiktok.com/@denny.d466,https://www.tiktok.com/@relung.id/video/7611814381126520065,,,,,,,,,,
442,@jokouban,Marwah iku opo yooo??? 4-23,https://www.tiktok.com/@jokouban,https://www.tiktok.com/@damarmart/video/7631483584649481479,,,,,,,,,,
443,@rizal.rizal4096,"Marwan itu banyak istilah, jangan di salah artikan 😁 2-26",https://www.tiktok.com/@rizal.rizal4096,https://www.tiktok.com/@morrodin88/video/7611104729929747733,,,,,,,,,,
444,@rydzaprayoga,🤣🤣🤣🤣 2-24,https://www.tiktok.com/@rydzaprayoga,https://www.tiktok.com/@klikkaltim_/video/7610061418548808967,,,,,,,,,,
445,@rafadavs2,setuju pak 5-17,https://www.tiktok.com/@rafadavs2,https://www.tiktok.com/@paramedis_army/video/7640251593434221845,,,,,,,,,,
446,@alindanurfitriani,ohh baru Nemu kalimat Marwah dr Kaltim toh ini mksdnya,https://www.tiktok.com/@alindanurfitriani,https://www.tiktok.com/@the_amor70/video/7610666343985138951,,,,,,,,,,
447,@fachry939,liatin itu ad terdaftr d kpk atau tdk 3-4,https://www.tiktok.com/@fachry939,https://www.tiktok.com/@beritakukar/video/7613011166838738196,,,,,,,,,,
448,@yourbaenextdoor,gengsi & ingin bermewah2 pake uang apbd 2-23,https://www.tiktok.com/@yourbaenextdoor,https://www.tiktok.com/@kutai.dailynews/video/7609068555455253780,,,,,,,,,,
449,@wardana12346_1,Sehat selalu pak Isran Noo 4-25,https://www.tiktok.com/@wardana12346_1,https://www.tiktok.com/@damarmart/video/7631483584649481479,,,,,,,,,,
450,@yaelahbeb,Dia ikutin sherly tjoanda ya? 2-27,https://www.tiktok.com/@yaelahbeb,https://www.tiktok.com/@media_indonesia/video/7611183349964524821,,,,,,,,,,
451,@erhamsyah3,@copot aja jabatan nya 4-22,https://www.tiktok.com/@erhamsyah3,https://www.tiktok.com/@prabsri1/video/7631102459582336277,,,,,,,,,,
452,@adi.firman.syarif,pak gubernur.. tolong dicepat kan magrib nya 2-28,https://www.tiktok.com/@adi.firman.syarif,https://www.tiktok.com/@robi.plur/video/7611168030877322514,,,,,,,,,,
453,@anangjunisetia,ya allah 700 juta hanya? 3-21,https://www.tiktok.com/@anangjunisetia,https://www.tiktok.com/@beritasatuofficial/video/7619163357022997780,,,,,,,,,,
454,@ugiesy54967,emang siapa sih gubernur kaltim. (kebingungan) 3-4,https://www.tiktok.com/@ugiesy54967,https://www.tiktok.com/@ae_affiliat/video/7612919691111107848,,,,,,,,,,
455,@don2.sky,INGAT MARWA KATA NYA MARWA 😅 3-4,https://www.tiktok.com/@don2.sky,https://www.tiktok.com/@botakteras/video/7613416347250314517,,,,,,,,,,
456,@riyangriyang8,KPK mana 3-13,https://www.tiktok.com/@riyangriyang8,https://www.tiktok.com/@keadilanfiktif/video/7615447599402798357,,,,,,,,,,
457,@nani.endang1,🤲🤲🤲 sehat selalu kai dan H farid mudahan kembali jdi gebenur dan H farid wakilnya🤲 4-23,https://www.tiktok.com/@nani.endang1,https://www.tiktok.com/@damarmart/video/7631483584649481479,,,,,,,,,,
458,@user2117861420815,mirip dikit 5-21,https://www.tiktok.com/@user2117861420815,https://www.tiktok.com/@tripol.co/video/7642126377168293141,,,,,,,,,,
459,@eyiiiiiinnnnn,bener pak jangan pakai mobil jelek kasian kan bapak bawa ratu sofia 2-26,https://www.tiktok.com/@eyiiiiiinnnnn,https://www.tiktok.com/@metropolitan.id/video/7610646870599175445,,,,,,,,,,
460,@susanayuni446,k A I keren 5-8,https://www.tiktok.com/@susanayuni446,https://www.tiktok.com/@damarmart/video/7631483584649481479,,,,,,,,,,
461,@rrhmynttii,Tapi serius lo ngomong nya manis tertata dan sopan 😂 4-8,https://www.tiktok.com/@rrhmynttii,https://www.tiktok.com/@kumparan/video/7626011966401694997,,,,,,,,,,
462,@petrus77.kuwer21,kroni nyavya tetap bela dia lah 3-3,https://www.tiktok.com/@petrus77.kuwer21,https://www.tiktok.com/@beritakukar/video/7612310183590530324,,,,,,,,,,
463,@segeeerde,"Triton double cabin,Hilux double cabin adlh mobil lapangan terbukti di kebun sawit jalan berlumpur,tanah liat,banjir bisa dilewati mbil tsb . 3-6",https://www.tiktok.com/@segeeerde,https://www.tiktok.com/@botakteras/video/7613416347250314517,,,,,,,,,,
464,@ir.edi..s,Anda Pribadi terbaik Pak Gub..jalan terus Pak Gub..sehat kii selalu 🤲 5-21,https://www.tiktok.com/@ir.edi..s,https://www.tiktok.com/@tripol.co/video/7642126377168293141,,,,,,,,,,
465,@fendyiskandar578,Hebaaat mobil Gubernur termewah dan termahal di seluruh Indonesia. 2-28,https://www.tiktok.com/@fendyiskandar578,https://www.tiktok.com/@aimambandung/video/7611327878239620372,,,,,,,,,,
466,@biu.biu44,sigra masih lewat itu 2-25,https://www.tiktok.com/@biu.biu44,https://www.tiktok.com/@lensanalarcom/video/7610698043981090068,,,,,,,,,,
467,@rezaramdani251,"masa mobilnya bagus yang naiknya jelek, jangan dong 😌 3-20",https://www.tiktok.com/@rezaramdani251,https://www.tiktok.com/@detik.lebak/video/7612096372824608008,,,,,,,,,,
468,@safari.ari4,"katanya demi Marwah,,harusnya demi sawah ,itu baru masukk bos,,🤣🤣 2-26",https://www.tiktok.com/@safari.ari4,https://www.tiktok.com/@aryo.g1/video/7611001576907427090,,,,,,,,,,
469,@anitasari6134,😂,https://www.tiktok.com/@anitasari6134,https://www.tiktok.com/@jollyroger.strawhat/video/7614678060616404245,,,,,,,,,,
470,@in948,kpk harus gerak cepat mantaap 3-5,https://www.tiktok.com/@in948,https://www.tiktok.com/@relung.id/video/7611814381126520065,,,,,,,,,,
471,@indra_s61,"pake Triton aja cukup, segala minta yg harga 8,5m mau di buat iclik kah🤣🤣 3-3",https://www.tiktok.com/@indra_s61,https://www.tiktok.com/@beritakukar/video/7612310183590530324,,,,,,,,,,
472,@__.rmn,"Sangat menghibur di dlm bln puasa yg penuh berkah ini, semoga konten"" abang juga membawa berkah buat abang dan juga bangsa indonesia 3-2",https://www.tiktok.com/@__.rmn,https://www.tiktok.com/@sigit_sugiana/video/7612287428258237704,,,,,,,,,,
473,@adi.purwanto96,"kl menurut sy sih ga papa,,, enjoy aja selam duit yg buat beli bkn hasil dr korupsi 3-5",https://www.tiktok.com/@adi.purwanto96,https://www.tiktok.com/@morrodin88/video/7611104729929747733,,,,,,,,,,
474,@dedy805859,ko Mendagri diam saja....😎🤔 3-4,https://www.tiktok.com/@dedy805859,https://www.tiktok.com/@beritakukar/video/7613011166838738196,,,,,,,,,,
475,@rachmat2084,"Marwah masyarakat Kaltim , jalan berlumpur Tah pak gubernur Rudi 5-1",https://www.tiktok.com/@rachmat2084,https://www.tiktok.com/@asbo.titha/video/7632508094207085842,,,,,,,,,,
476,@akbarry,kenapa jangan? 2-26 28.8K,https://www.tiktok.com/@akbarry,https://www.tiktok.com/@metropolitan.id/video/7610646870599175445,,,,,,,,,,
477,@useramp86moors,kpk jgn tinggal diam 3-4,https://www.tiktok.com/@useramp86moors,https://www.tiktok.com/@beritakukar/video/7613011166838738196,,,,,,,,,,
478,@hsisijsu,kompak naik mobil Defender😂😂 2-28,https://www.tiktok.com/@hsisijsu,https://www.tiktok.com/@arteranews.id/video/7611460664074390804,,,,,,,,,,
479,@m.mahful,staff ahli tapi udah kaya jubir/wagub. 4-17,https://www.tiktok.com/@m.mahful,https://www.tiktok.com/@beritakukar/video/7612310183590530324,,,,,,,,,,
480,@waldiww3,nah itu 4-30,https://www.tiktok.com/@waldiww3,https://www.tiktok.com/@sahambijak0/video/7611953329421421845,,,,,,,,,,
481,@kodokjail,Harusnya kan jalan yg diperbaiki biar tamunya akses gampang 2-27,https://www.tiktok.com/@kodokjail,https://www.tiktok.com/@robi.plur/video/7611168030877322514,,,,,,,,,,
482,@zakariazakra,pecat aja 4-30,https://www.tiktok.com/@zakariazakra,https://www.tiktok.com/@aditya.yudono/video/7631554392633675028,,,,,,,,,,
483,@beedvm,"Pejabat itu mobilnya setarakan 200 jutaan saja, katanya efisiensi. 3-20",https://www.tiktok.com/@beedvm,https://www.tiktok.com/@beritasatuofficial/video/7619163357022997780,,,,,,,,,,
484,@usnadinadi871,msarzkat yang mana kan ralya kg suka 4-25,https://www.tiktok.com/@usnadinadi871,https://www.tiktok.com/@asbo.titha/video/7632508094207085842,,,,,,,,,,
485,@greciaaaja,seharus nya kan beneein jalan dulu baru beli mobil ya ini malah beli mobil dulu benerin jalan nya kapan kapan 4-23,https://www.tiktok.com/@greciaaaja,https://www.tiktok.com/@ibarat_azra/video/7631776481781271826,,,,,,,,,,
486,@irone4403,salam .... nggarong lanjut 😎 3-6,https://www.tiktok.com/@irone4403,https://www.tiktok.com/@tikuskokberdasi/video/7613343929244618005,,,,,,,,,,
487,@rockin_style8,“Jangan dong” ga tau kenapa kesel aja denger bagian itu ada yang ngerasa sama ga ??? 2-25,https://www.tiktok.com/@rockin_style8,https://www.tiktok.com/@metropolitan.id/video/7610646870599175445,,,,,,,,,,
488,@blie235,Marwahnya Kaltim Jalan Masih Tanah😂😂😂 3-6,https://www.tiktok.com/@blie235,https://www.tiktok.com/@ummu.3.anak/video/7613157935157464340,,,,,,,,,,
489,@zorocodet71,"Mana dipikirinnya, mikir kenyamanan sorang 3-30",https://www.tiktok.com/@zorocodet71,https://www.tiktok.com/@tikuskokberdasi/video/7613343929244618005,,,,,,,,,,
490,@efendiwahi,copot gubernur ini...ajak DPRD utk demo 3-6,https://www.tiktok.com/@efendiwahi,https://www.tiktok.com/@tikuskokberdasi/video/7613343929244618005,,,,,,,,,,
491,@gabygeboy858,"mobil dipikirn penampilan no 1,kerja no sekian, 3-6",https://www.tiktok.com/@gabygeboy858,https://www.tiktok.com/@themis.law3/video/7612442626234633480,,,,,,,,,,
492,@satria53337,Beli ford kan bsa 1m an yg gampang dijalan tanah 2-21,https://www.tiktok.com/@satria53337,https://www.tiktok.com/@mata_publik_/video/7608632050790239495,,,,,,,,,,
493,@lus_yana05,izin 3-5,https://www.tiktok.com/@lus_yana05,https://www.tiktok.com/@botakteras/video/7613416347250314517,,,,,,,,,,
494,@m3llong,kita jaga marwah Kalimantan Timur🥰 2-27,https://www.tiktok.com/@m3llong,https://www.tiktok.com/@balikpapan.aerial/video/7611418293752253703,,,,,,,,,,
495,@uyun74773,kenapa gk beli pejero atau fortuner kan bisa?? 4-4,https://www.tiktok.com/@uyun74773,https://www.tiktok.com/@3halll/video/7611863206281137428,,,,,,,,,,
496,@ahmad.gafin6,aduhh bukannya benerin jalan ya malah beli mobil yg harganya bisa benerin jalan 2-26,https://www.tiktok.com/@ahmad.gafin6,https://www.tiktok.com/@mata_publik_/video/7608632050790239495,,,,,,,,,,
497,@mpk.165,pas buka pintu kok ada suara.....? 3-2,https://www.tiktok.com/@mpk.165,https://www.tiktok.com/@sigit_sugiana/video/7612287428258237704,,,,,,,,,,
498,@hettyrosita,seru permainan baru gub Kaltim 🤣🤣 3-4,https://www.tiktok.com/@hettyrosita,https://www.tiktok.com/@beritakukar/video/7613011166838738196,,,,,,,,,,
499,@ardhinatan17,jalanya pak yg dibenerin😅 3-3,https://www.tiktok.com/@ardhinatan17,https://www.tiktok.com/@suka.otom0tif/video/7612478466214104328,,,,,,,,,,
500,@chandra_dwi,Kaya MLM 😅 3-1,https://www.tiktok.com/@chandra_dwi,https://www.tiktok.com/@beritaenamdua/video/7612139610507873557,,,,,,,,,,
