id,original_text,clean_text,annotator_aspect,ai_aspect,researcher_aspect,final_aspect,notes
1,"Demo warga Kaltim kemarin 21 April 2026 . Warga menggugat rumah dinas  gubernur seharga 25 milyar , dan pengadaan mobil dinas 8.5 milyaran lebih . 

Gak ada empati nya ya .. para pejabat daerah  .. di saat ekonomi sulit , rakyat kesulitan cari makan malah  bermewah mewah ..  
Kan",demo warga kaltim kemarin april warga menggugat rumah dinas gubernur seharga milyar dan pengadaan mobil dinas milyaran lebih tidak ada empati nya ya para pejabat daerah di saat ekonomi sulit rakyat kesulitan cari makan malah bermewah mewah kan,,,,,
2,"Iya , sama . itu si ibu istri gubernur kaltim",iya sama itu si ibu istri gubernur kaltim,,,,,
3,"Kemarin baca komen ada yg nyuruh suaminya renov dia daripada renov rumah dinas, jahat banget",kemarin baca komen ada yang nyuruh suaminya renov dia daripada renov rumah dinas jahat banget,,,,,
4,Pengen jadi pejabat ah kalo gitu,pengen jadi pejabat ah kalo gitu,,,,,
5,Pastilah . Harus nya peka dengan kondisi rakyatnya sekarang. Kan istri gubernur,pastilah harus nya peka dengan kondisi rakyatnya sekarang kan istri gubernur,,,,,
6,"Siapa yang dia wakili sebagai gubernur

Marwah keluarga nya apa rakyat nya?",siapa yang dia wakili sebagai gubernur marwah keluarga nya apa rakyat nya,,,,,
7,Gak tau lah .. pokoknya keluarga ini serba mewah memang,tidak tau lah pokoknya keluarga ini serba mewah memang,,,,,
8,"Pas udah jadi gubernur baru tau istrinya, untung ga milih beliau kemarin.",pas udah jadi gubernur baru tau istrinya untung tidak milih beliau kemarin,,,,,
9,"Gua yg bego apa 
@KPK_RI
 ini emang begok begok semua yah? Gaji Gubernur Kaltim ini brapa sebulan sih? Ditambah tunjangan tunjangannya berapa sih? Dgn gaji istrinya ditambah gaji suaminya ajah gak yakin bisa beli 1 tasnya. Kalau mereka gak RAMPOK KALTIM trus mesti disebut apa?",gua yang bego apa ini emang begok begok semua yah gaji gubernur kaltim ini brapa sebulan sih ditambah tunjangan tunjangannya berapa sih dengan gaji istrinya ditambah gaji suaminya ajah tidak yakin bisa beli tasnya kalau mereka tidak rampok kaltim trus mesti disebut apa,,,,,
10,"Dengan semua barang mahal itu, tapi dia tetep gak keliatan berkelas dan mancarkan aura mahal",dengan semua barang mahal itu tapi dia tetep tidak keliatan berkelas dan mancarkan aura mahal,,,,,
11,Dari awal keluarga beliau ini emang pengusaha lamaa jadi gk heran banyak anak + hidup branded. Tpiii keluarga mereka membangun usaha itu dengan cara kotor suka nindasin rakyat -rakyat kecil. Mereka juga punya Ormas dan preman . Ehh sekarang malah keterusan punya jabatan di kaltim,dari awal keluarga beliau ini emang pengusaha lamaa jadi tidak heran banyak anak hidup branded tpiii keluarga mereka membangun usaha itu dengan cara kotor suka nindasin rakyat rakyat kecil mereka juga punya ormas dan preman ehh sekarang malah keterusan punya jabatan di kaltim,,,,,
12,"tenyata bukan cuma jalan plus infratruktur kaltim doang yg harus di benerin,,bininya aja kek nya harus di rombak gede gedean,,,",tenyata bukan cuma jalan plus infratruktur kaltim doang yang harus di benerin bininya saja kek nya harus di rombak gede gedean,,,,,
13,"Marwah warga kaltim diborong sama gubernurnya saja,,warganya tidak kebagian marwah,,",marwah warga kaltim diborong sama gubernurnya saja warganya tidak kebagian marwah,,,,,
14,egiluy hermes?? birkin?? ga napak tanah bgt nih pejabat make duit pajak banyak gaya siap Mbah si paling selangit,egiluy hermes birkin tidak napak tanah banget nih pejabat make duit pajak banyak gaya siap mbah si paling selangit,,,,,
15,"Kok ya bisa jadi pejabat.
Udah mending jadi pengusaha aja. Tidak akan dikritisi, walaupun dia punya tas harga 1 T.",kok ya bisa jadi pejabat udah mending jadi pengusaha saja tidak akan dikritisi walaupun dia punya tas harga t,,,,,
16,"KALTIM  macam otonomi khusus kerajaan...

Semua tokoh pimpinan di eksekutif dan di legislatif nya di isi sama keluarga...

Lobi an satu tujuan demi kerajaan...

Mudah2an ini jenis raja yang memakmurkan rakyat , adil dan sejahtera...

WooooW kaltim",kaltim macam otonomi khusus kerajaan semua tokoh pimpinan di eksekutif dan di legislatif nya di isi sama keluarga lobi an satu tujuan demi kerajaan mudah an ini jenis raja yang memakmurkan rakyat adil dan sejahtera woooow kaltim,,,,,
17,"Meskipun dari dulu dia kaya, tapi yah harusnya ngerem diri utk tampil berlebihan ketika jadi pejabat publik. Tunjukin dulu kerjanya becus apa enggak. Jangan banyakan gaya dibanding prestasi kerja. Lagian, itu make up apa dempul sik? Kaan jadi gatel dah gw",meskipun dari dulu dia kaya tapi yah harusnya ngerem diri untuk tampil berlebihan ketika jadi pejabat publik tunjukin dulu kerjanya becus apa enggak jangan banyakan gaya dibanding prestasi kerja lagian itu make up apa dempul sik kaan jadi gatel dah gw,,,,,
18,Demi apa rambut kuning jamet yg bertebaran itu istri gubernur? Kenapa harus kuning gonjreng gitu warnanyaa,demi apa rambut kuning jamet yang bertebaran itu istri gubernur kenapa harus kuning gonjreng gitu warnanyaa,,,,,
19,"Setelah reformasi, para pejabat negara masuk ke dalam jaringan mafia nasional/internasional.
Itulah kenapa kekayaan para pejabat aman dan bebas.
Sebelum reformasi, semua produk impor dibatasi nilainya.",setelah reformasi para pejabat negara masuk ke dalam jaringan mafia nasional internasional itulah kenapa kekayaan para pejabat aman dan bebas sebelum reformasi semua produk impor dibatasi nilainya,,,,,
20,"Aku adalah orang yg sgt mendukung untuk org bergaya apapun semaunya, tapi NO ya kalo kalian pejabat hrs ada etika nya juga ‍lbh humblelah minimal tuh ga usah yg terlalu gmn dulu.",aku adalah orang yang sgt mendukung untuk org bergaya apapun semaunya tapi no ya kalo kalian pejabat hrs ada etika nya juga lbh humblelah minimal tuh tidak usah yang terlalu gmn dulu,,,,,
21,"Hebat orang Kaltim terutama masyarakat miskin nya tetap mempunyai kesabaran yg luar biasa disaat pejabatnya hidup glamor dan foya-foya.
Salut buat orang kaltim, kesabaran kalian pasti akan diganjar syurga akhirat.

Wkwkwkwkwk",hebat orang kaltim terutama masyarakat miskin nya tetap mempunyai kesabaran yang luar biasa disaat pejabatnya hidup glamor dan foya foya salut buat orang kaltim kesabaran kalian pasti akan diganjar syurga akhirat wkwkwkwkwk,,,,,
22,Saya bukan pendukung nya...tapi klo dia pake tas2 mahal kyknya wajar ...orang memang org kaya sih...yg gk aku suka nepotis nya...lagian org mana sih pmbuat post ini....,saya bukan pendukung nya tapi klo dia pake tas mahal kyknya wajar orang memang org kaya sih yang tidak aku suka nepotis nya lagian org mana sih pmbuat post ini,,,,,
23,Poooch berapa itu jujurannya istri gubernur nya kok mandi emmas,poooch berapa itu jujurannya istri gubernur nya kok mandi emmas,,,,,
24,"Pejabat kok bisa suka suka yah, coba rakyat seperti itu wah dah diincar orang pajak",pejabat kok bisa suka suka yah coba rakyat seperti itu wah dah diincar orang pajak,,,,,
25,"emang apa untungnya sih punya tas mahal begitu, gak dibawa ke akhirat juga kan :’)",emang apa untungnya sih punya tas mahal begitu tidak dibawa ke akhirat juga kan,,,,,
26,Rakyat banyak yg masih rumah papan gubernur gaya Hedon..... Pemimpin macam apa,rakyat banyak yang masih rumah papan gubernur gaya hedon pemimpin macam apa,,,,,
27,"Pejabat di negara Konoha seperti pejabat di Nepal hidup hedonis gak tau malu, hidup dari gaji rakyat",pejabat di negara konoha seperti pejabat di nepal hidup hedonis tidak tau malu hidup dari gaji rakyat,,,,,
28,"Kalau uang hasil sendiri itu hak nya...tp kalau hasil korupsi uang rakyat, biarlah itu menjadi dosanya yang harus dipertanggungjawabkan di akhirat nanti.",kalau uang hasil sendiri itu hak nya tp kalau hasil korupsi uang rakyat biarlah itu menjadi dosanya yang harus dipertanggungjawabkan di akhirat nanti,,,,,
29,harus keren kak soalnya hrs bener² menjaga marawah nya kaltim,harus keren kak soalnya hrs bener menjaga marawah nya kaltim,,,,,
30,Jarah aja.. lagian aneh warga kaltim kok orang begitu maunya di pilih. Aneh,jarah saja lagian aneh warga kaltim kok orang begitu maunya di pilih aneh,,,,,
31,"Memang dari sononya sdh kaya ,mau bergaya bagaimanapun tak ada hubungannya dgn pemerintahan...",memang dari sononya sdh kaya mau bergaya bagaimanapun tak ada hubungannya dengan pemerintahan,,,,,
32,Pejabat yg gaya hidup kluarg kek gini nih yg kdg agak2.... Apa emang ko jd pjbat gaya hidup hrus senorak itu jg? Apa rakyatnya dah pd bahagia ya? Brani gak dia kepelosok daerahnya dg p3nampilan kek gt?,pejabat yang gaya hidup kluarg kek gini nih yang kdg agak apa emang ko jd pjbat gaya hidup hrus senorak itu jg apa rakyatnya dah pd bahagia ya brani tidak dia kepelosok daerahnya dg p nampilan kek gt,,,,,
33,"Bukannya program kemaslahatan rakyat yg menonjol ini malah buang"" uang aja ,sebenarnya JD gubernur hanya ingin menikmati fasilitas keuangan negara",bukannya program kemaslahatan rakyat yang menonjol ini malah buang uang saja sebenarnya jd gubernur hanya ingin menikmati fasilitas keuangan negara,,,,,
34,"Maaf jangan suudzon dulu min..beliau adalah pengusaha bidang energi dan logistik. Termasuk penyewaan kapal pertamina...harta yang dimilikinya kemungkinan hasil bisnis, bukan dari pajak masyarakat...kalaupun sudah menyelewengkan uang rakyat kemungkinan besar sudah diincar KPK",maaf jangan suudzon dulu min beliau adalah pengusaha bidang energi dan logistik termasuk penyewaan kapal pertamina harta yang dimilikinya kemungkinan hasil bisnis bukan dari pajak masyarakat kalaupun sudah menyelewengkan uang rakyat kemungkinan besar sudah diincar kpk,,,,,
35,"Aku ga peduli mo make up dia kek apa, atau dia punya koleksi tas mevvah yang wow, tapi kalo ga dibarengi dengan pembangunan kaltim yang baik, dari segala aspek, rasanya tetap 0, ditambah eksekutif sm legislatifnya bisa""nya kakak adek, ya pasti jalan sesuai kepentingan keluarga",aku tidak peduli mo make up dia kek apa atau dia punya koleksi tas mevvah yang wow tapi kalo tidak dibarengi dengan pembangunan kaltim yang baik dari segala aspek rasanya tetap ditambah eksekutif sama legislatifnya bisa nya kakak adek ya pasti jalan sesuai kepentingan keluarga,,,,,
36,"Sudah cocok lakinya ikut kontestasi pilpres 2029… kenapa?, karena calon Ibu Negara harus bisa tampil mewah saat bertemu ibu negara lain..",sudah cocok lakinya ikut kontestasi pilpres kenapa karena calon ibu negara harus bisa tampil mewah saat bertemu ibu negara lain,,,,,
37,"Izin gw kira dgn mistisnya kalimantan bakal sulit dijajah, nyatanya sama aja para kaum jin dan setan tdk terlihat merasa terganggu dgn hadirnya penguasa korup dan merusak rumah mrk, tdk ada tuh terror horor sampe si pejabat pindah krn diganggui",izin gw kira dengan mistisnya kalimantan bakal sulit dijajah nyatanya sama saja para kaum jin dan setan tidak terlihat merasa terganggu dengan hadirnya penguasa korup dan merusak rumah mrk tidak ada tuh terror horor sampe si pejabat pindah karena diganggui,,,,,
38,Jijik bgt lihat org sok seleb begini.  Apalagi isteri pejabat publik yg digaji pajak rakyat..,jijik banget lihat org sok seleb begini apalagi isteri pejabat publik yang digaji pajak rakyat,,,,,
39,Apa bagusnya tas mahal itu sih? Di mata gue kayak tas2 di tanah abang,apa bagusnya tas mahal itu sih di mata gue kayak tas di tanah abang,,,,,
40,"Gimana rakyat ngga pada murka, orng pejabatnya aja bebal dan norak abis. Aksi nol, gaya selangit",gimana rakyat ngga pada murka orng pejabatnya saja bebal dan norak abis aksi nol gaya selangit,,,,,
41,"Gak kebayang jadi rakyatnya, pasti muak liat istri gubernurnya yg hari hari cosplay merilyn monroe",tidak kebayang jadi rakyatnya pasti muak liat istri gubernurnya yang hari hari cosplay merilyn monroe,,,,,
42,Yuk warga kaltim bisa dong lengserin neh orang..,yuk warga kaltim bisa dong lengserin neh orang,,,,,
43,"Kelakuan pejabat yang bernaung di pohon beringin memang banyak hantu nya 
Udah dari dulu",kelakuan pejabat yang bernaung di pohon beringin memang banyak hantu nya udah dari dulu,,,,,
44,"Maaf nih , yg mahal cuman gaya nya doang dianya tetep begitu",maaf nih yang mahal cuman gaya nya doang dianya tetep begitu,,,,,
45,Berapa yg diambil Dari Rakyat selama mnjabat di DPR/DPRD KALTIM,berapa yang diambil dari rakyat selama mnjabat di dpr dprd kaltim,,,,,
46,"Kirain ondel-ondel cuma ada di Jakarta, ternyata di Kaltim juga ada ondel-ondel malah dijadiin bini lagi",kirain ondel ondel cuma ada di jakarta ternyata di kaltim juga ada ondel ondel malah dijadiin bini lagi,,,,,
47,Pantesan suaminya ngerasa kudu jaga marwah ya. Soalnya mobil dia masih lebih murah dr tas istrinya,pantesan suaminya ngerasa kudu jaga marwah ya soalnya mobil dia masih lebih murah dari tas istrinya,,,,,
48,Mau pake Birkin milyaran juga ga pantes anjir ga cocok sama mukanya,mau pake birkin milyaran juga tidak pantes anjir tidak cocok sama mukanya,,,,,
49,Jangan jangan dari uang rakyat ini .. ap dia bisa pisahin antara harga pribadi dgn gaji suaminya yg bulanan .. trlepas dia kaya sblm JD bini gubernur..harus d cek kpk nih,jangan jangan dari uang rakyat ini ap dia bisa pisahin antara harga pribadi dengan gaji suaminya yang bulanan trlepas dia kaya sblm jd bini gubernur harus d cek kpk nih,,,,,
50,Bermewah2an diatas penderitaan rakyat..,bermewah an diatas penderitaan rakyat,,,,,
51,"Gaji gubernur sebanyak itu kah?? Atau dia bisnis apaaan? Terus itu penampilan apa ga ada yang nasehati gitu biar aga ""Mantes"" ?? 

Ihh maafin kepo",gaji gubernur sebanyak itu kah atau dia bisnis apaaan terus itu penampilan apa tidak ada yang nasehati gitu biar aga mantes ihh maafin kepo,,,,,
52,selamat hancur warga kaltim,selamat hancur warga kaltim,,,,,
53,Gede banget gaji gubernur ya,gede banget gaji gubernur ya,,,,,
54,Sekaligus heran ya gaji dpr puluhan juta saja tpi bisa beli barang super mewah,sekaligus heran ya gaji dpr puluhan juta saja tpi bisa beli barang super mewah,,,,,
55,Renovasi rumah Dinas dng anggaran milyaran wow,renovasi rumah dinas dng anggaran milyaran wow,,,,,
56,Enaknya kalo jadi istri gubernur bisa beli apa aja ya...,enaknya kalo jadi istri gubernur bisa beli apa saja ya,,,,,
57,baru ini punya gubernur dan istrinya sampe viral dimana2,baru ini punya gubernur dan istrinya sampe viral dimana,,,,,
58,Pingin jadi pejabat,pingin jadi pejabat,,,,,
59,MARWAH KALTIM BANI MAS'UD,marwah kaltim bani mas ud,,,,,
60,"Duh gamau ngatain, tp si reset kaltim ini bener2 jelek se jelek2nya orang",duh gamau ngatain tp si reset kaltim ini bener jelek se jelek nya orang,,,,,
61,"Entah apa daruratnya flexing kyk gitu? Istri pejabat rata2 norak dan kampungan. Tanpa penampilan lebay jg, org dah tau lo istri pejabat. Miris sekali hidup istri pejabat di negeri ini, pd gila hormat.",entah apa daruratnya flexing kyk gitu istri pejabat rata norak dan kampungan tanpa penampilan lebay jg org dah tau lo istri pejabat miris sekali hidup istri pejabat di negeri ini pd gila hormat,,,,,
62,PEJABAT OUTSHORCING...GAYANYA KAYA KARYAWAN TETAP...EMANG BANGSAT,pejabat outshorcing gayanya kaya karyawan tetap emang bangsat,,,,,
63,Definisi mulyakne bojo dengan anggaran daerah,definisi mulyakne bojo dengan anggaran daerah,,,,,
64,"plis, warga kaltim tunjukan pesonamu!",plis warga kaltim tunjukan pesonamu,,,,,
65,Istri gubernur ini jgn2 peri kesasar.,istri gubernur ini jgn peri kesasar,,,,,
66,Pejabat foya foya kitabya huru hara buat cari kerja,pejabat foya foya kitabya huru hara buat cari kerja,,,,,
67,Hasil dari ngakalin anggaran,hasil dari ngakalin anggaran,,,,,
68,Kaltim's marie antoinette,kaltim s marie antoinette,,,,,
69,Pake tas mahal juga ga ngangkat,pake tas mahal juga tidak ngangkat,,,,,
70,ouh ini yg minta mobil pake uang rakyat,ouh ini yang minta mobil pake uang rakyat,,,,,
71,Pantesan para gubernur pada getol naikin pajak,pantesan para gubernur pada getol naikin pajak,,,,,
72,"Jalan jelek tapi beli mobil mahal supaya bisa mengakses jalan jelek tersebut, berpikirnya gimana sih?",jalan jelek tapi beli mobil mahal supaya bisa mengakses jalan jelek tersebut berpikirnya gimana sih,,,,,
73,"Ngomongnya gubernur belepotan gitu 
Padahal alasan anak buahnya: beli mobil dinas 8 miliar itu karna saat gubernur kunjungan bisa lewati jalan rusak: Ini jg pola pikir kebalik 

Benerin dulu jalan nya sama pemkab, baru gubernur kunjungan ke daerah yg jalannya sudah diperbaiki",ngomongnya gubernur belepotan gitu padahal alasan anak buahnya beli mobil dinas miliar itu karna saat gubernur kunjungan bisa lewati jalan rusak ini jg pola pikir kebalik benerin dulu jalan nya sama pemkab baru gubernur kunjungan ke daerah yang jalannya sudah diperbaiki,,,,,
74,"...Dan di video itu dia gak jawab pertanyaan sama sekali.

Makanya memang kalo gak cerdas gak usah gegayaan doorstop.

Pejabat yg jago saat doorstop tuh paling 1:1000.

Tapi kalo mau tau isi asli otak pejabat yah doorstop itu adalah metode paling ampuh... (``,)",dan di video itu dia tidak jawab pertanyaan sama sekali makanya memang kalo tidak cerdas tidak usah gegayaan doorstop pejabat yang jago saat doorstop tuh paling tapi kalo mau tau isi asli otak pejabat yah doorstop itu adalah metode paling ampuh,,,,,
75,"Katanya mobil dinas itu “simbol marwah”.
Rakyat cuma berharap marwah itu bisa ikut menambal jalan berlubang, menurunkan harga sembako, buka lapangan kerja dan Gratis Pendidikan. 

Di saat banyak orang lagi hitung receh sebelum lebaran, kadang yang dipamerkan justru kilap cat",katanya mobil dinas itu simbol marwah rakyat cuma berharap marwah itu bisa ikut menambal jalan berlubang menurunkan harga sembako buka lapangan kerja dan gratis pendidikan di saat banyak orang lagi hitung receh sebelum lebaran kadang yang dipamerkan justru kilap cat,,,,,
76,"Dia itu satu dari Mas'ud Bersaudara (Masbro), klo di Kaltim pasti tau. Kombinasi pengusaha dan Politisi. Paling senior Ketua DPRD, trus ada yg jd Walikota BPN, ada yg Gubernur Kaltim, dan ada jg yg mantan Bupati Penajam Paser Utara, yg ketangkap korupsi bbrp tahun lalu.",dia itu satu dari mas ud bersaudara masbro klo di kaltim pasti tau kombinasi pengusaha dan politisi paling senior ketua dprd trus ada yang jd walikota bpn ada yang gubernur kaltim dan ada jg yang mantan bupati penajam paser utara yang ketangkap korupsi bbrp tahun lalu,,,,,
77,"...Mungkin gak mau kalah sama dinasti Jokowi.

Jokowi aja boleh, kenapa kami gak boleh?!

Mungkin itu semboyan para pejabat hari2 ini.

Semua terinspirasi dari kebusukan Jokowi...Hidup Jokowi! (``,)",mungkin tidak mau kalah sama dinasti jokowi jokowi saja boleh kenapa kami tidak boleh mungkin itu semboyan para pejabat hari ini semua terinspirasi dari kebusukan jokowi hidup jokowi,,,,,
78,"Gubernurnya kemlinthi tuh lihat Kaltim banyak jalan ancor minah Gubernurnya hedon beli Mobil Rp8,5M inilah hasil efisiensi Anggaran",gubernurnya kemlinthi tuh lihat kaltim banyak jalan ancor minah gubernurnya hedon beli mobil rp m inilah hasil efisiensi anggaran,,,,,
79,"...Tengil banget padahal baru mimpin 4 juta orang.

Paus pemimpin 1,5 Milyar, jutaan kali lipat pengaruhnya dari dia, malah nolak naik mobil mewah tempo hari datang ke Indonesia.

Lantas apa marwah Paus jatuh? Kan kagak... (``,)",tengil banget padahal baru mimpin juta orang paus pemimpin milyar jutaan kali lipat pengaruhnya dari dia malah nolak naik mobil mewah tempo hari datang ke indonesia lantas apa marwah paus jatuh kan kagak,,,,,
80,Tak ada empati sm sekali para bangke pejabat ini..rkayat mengencangkan ikat pinggang mereka foya foya..b3d3bah,tak ada empati sama sekali para bangke pejabat ini rkayat mengencangkan ikat pinggang mereka foya foya b d bah,,,,,
81,"...Itu gubernur Kaltim mengatakan itu di bulan puasa pulak... (``,)",itu gubernur kaltim mengatakan itu di bulan puasa pulak,,,,,
82,mending uangnya dipakai untuk membantu rakyat daripada membeli mobil.,mending uangnya dipakai untuk membantu rakyat daripada membeli mobil,,,,,
83,"...Mobil adalah marwah kepala daerah..Bakal jadi kutipan legendaris... (``,)",mobil adalah marwah kepala daerah bakal jadi kutipan legendaris,,,,,
84,"Sedan 3000cc, Jip 4200cc. Merk, tipe dan harga mobil tutup mata karena sudah sesuai permendagri. Berarti harus dicek lagi apakah ada celah di peraturan tersebut sehingga tidak membatasi merk, tipe dan harganya.",sedan cc jip cc merk tipe dan harga mobil tutup mata karena sudah sesuai permendagri berarti harus dicek lagi apakah ada celah di peraturan tersebut sehingga tidak membatasi merk tipe dan harganya,,,,,
85,"Gila bawa bawa Marwah masyarakat Kaltim.
Bacotnya lancar bgt kek gak ada dosa",gila bawa bawa marwah masyarakat kaltim bacotnya lancar banget kek tidak ada dosa,,,,,
86,"Mobil mahal malah taro di Jakarta? Jalan disitu aja mulus, Avanza Hybrid mah cukup Min. 

Kalo Land Rover Discovery taro di Kaltim sih oke, walopun eman masuk blusukan hutan.",mobil mahal malah taro di jakarta jalan disitu saja mulus avanza hybrid mah cukup min kalo land rover discovery taro di kaltim sih oke walopun eman masuk blusukan hutan,,,,,
87,"...Jaga marwah Kaltim...wkwkwkwkwkwk... (``,)",jaga marwah kaltim wkwkwkwkwkwk,,,,,
88,"...Jangan body shaming lah.

Fokus pada ucapannya:

""MOBIL ADALAH MARWAH KEPALA DAERAH""

wkwkwkwkwkwkwkwkwk... (``,)",jangan body shaming lah fokus pada ucapannya mobil adalah marwah kepala daerah wkwkwkwkwkwkwkwkwk,,,,,
89,"Berarti bener 8,5m dan posisinya di jakarta. Manfaat buat kaltim?",berarti bener m dan posisinya di jakarta manfaat buat kaltim,,,,,
90,"...Ditanya apa, jawabnya apa...2 menit gak jawab apa2 malah pamer kedunguan bilang:

""Mobil adalah marwah kepala daerah"" (``,)",ditanya apa jawabnya apa menit tidak jawab apa malah pamer kedunguan bilang mobil adalah marwah kepala daerah,,,,,
91,"Bertolak belakang dgn pernyataan Sekda Kaltim.. Yang satu bilang utk pemakaian di Jakarta, yang satunya lagi bilang utk hadapi medan berat di Kaltim.. dagelan...",bertolak belakang dengan pernyataan sekda kaltim yang satu bilang untuk pemakaian di jakarta yang satunya lagi bilang untuk hadapi medan berat di kaltim dagelan,,,,,
92,Terlalu serakah para pejabat ....bubarkan aja pemimpin begini,terlalu serakah para pejabat bubarkan saja pemimpin begini,,,,,
93,"itu duitnya lu pake buat benerin jalan aja tolol, malah beli mobil mahal buat lewatin jalan rusak. pola pikirnya rusakk njirrrr",itu duitnya lu pake buat benerin jalan saja tolol malah beli mobil mahal buat lewatin jalan rusak pola pikirnya rusakk njirrrr,,,,,
94,"Lha kita rakyat jelata, mungkin yg salah dan bego. Kenapa dulu kaga pinter, trus jadi bagian pemerintahan. Dapet jabatan, bisa minta mobil mewah, bensin di isi negara. Wah mantap2.",lha kita rakyat jelata mungkin yang salah dan bego kenapa dulu kaga pinter trus jadi bagian pemerintahan dapet jabatan bisa minta mobil mewah bensin di isi negara wah mantap,,,,,
95,"Bagus bro statement lu menambah daftar org"" yg gila harta dan kekuasaan. Lanjutkan bro. kaltim bukan Ibukota negara itu provinsi asal lu tau",bagus bro statement lu menambah daftar org yang gila harta dan kekuasaan lanjutkan bro kaltim bukan ibukota negara itu provinsi asal lu tau,,,,,
96,"Beneran edan sih, atas nama efisiensi, MBG tadinya jadi program unggulan, sudah cuma 10rb per org, dipangkas jd 8rb per org.  Sementara hutang negara melonjak,  pejabatnya dpt kenaikan pembelian mobil baru, dari 800jt,  jadi 900jt, bener kata bang Bennix.",beneran edan sih atas nama efisiensi mbg tadinya jadi program unggulan sudah cuma rb per org dipangkas jd rb per org sementara hutang negara melonjak pejabatnya dpt kenaikan pembelian mobil baru dari jt jadi jt bener kata bang bennix,,,,,
97,Kaltim dapat gubernur sampah.,kaltim dapat gubernur sampah,,,,,
98,"Emang di negeri ini kan pembantu rakyat yg disebutnya pejabat kebanyakan gila dan konyol, lihat saja kelakuan presidennya,,benar benar Konoha",emang di negeri ini kan pembantu rakyat yang disebutnya pejabat kebanyakan gila dan konyol lihat saja kelakuan presidennya benar benar konoha,,,,,
99,Yg bener bos...ini gubernur alim lho ngaji terus harmonis lagi hidupnya sama pasangan.beda GUBERNUR KAMI  KDM gu rrnur konten .duda lagi...tapi hebat lho dimata kami RAKYAT JABAR,yang bener bos ini gubernur alim lho ngaji terus harmonis lagi hidupnya sama pasangan beda gubernur kami kdm gu rrnur konten duda lagi tapi hebat lho dimata kami rakyat jabar,,,,,
100,"Ngomong apaaa...ini!! 
Hh...! 
Kayak begini kok jadi Gubernur!",ngomong apaaa ini hh kayak begini kok jadi gubernur,,,,,
101,Ferrari Juga Masyarakat Ikhlas Kalau Gubernur Ky KDM,ferrari juga masyarakat ikhlas kalau gubernur ky kdm,,,,,
102,"Pakai OTAK MU kenapa ....?
Jika ingin punya marwah bagi warga Kaltim tidak harus pamer fasilitas tapi hadir dan berbuat.",pakai otak mu kenapa jika ingin punya marwah bagi warga kaltim tidak harus pamer fasilitas tapi hadir dan berbuat,,,,,
103,"WAKTU KAMPANYE GENCAR DENGAN PROGRAM GRATIS POLL DISEGALA LINI...
EH.... TERNYATA MASYARAKAT KAL-TIM KENA PRANK...!!!!
HAMPIR SEMUA ANGGOTA KELUARGANYA MENJADI TOKOH DAN PEJABAT DI KALTIM..
LUAR BIASA",waktu kampanye gencar dengan program gratis poll disegala lini eh ternyata masyarakat kal tim kena prank hampir semua anggota keluarganya menjadi tokoh dan pejabat di kaltim luar biasa,,,,,
104,"oh ini yang nyebut KDM Gubernur konten wkwk lucu lucu statement nya, mana mobil dinas ya",oh ini yang nyebut kdm gubernur konten wkwk lucu lucu statement nya mana mobil dinas ya,,,,,
105,"Hai 
@grok
 
Gubernur Kalimantan timur berasal dari partai apa?
Mobil jenis apa yang dibeli dengan harga 8,5 milyar rupiah itu?",hai gubernur kalimantan timur berasal dari partai apa mobil jenis apa yang dibeli dengan harga milyar rupiah itu,,,,,
106,Oooo jd kamu bisa seenaknya menggunakan uang rakyat demi menjaga gengsimu ya??? Bang**t,oooo jd kamu bisa seenaknya menggunakan uang rakyat demi menjaga gengsimu ya bang t,,,,,
107,"Marwah marwah.
Pejabat kalo masih makan duit haram jng ngomongin marwah.",marwah marwah pejabat kalo masih makan duit haram jng ngomongin marwah,,,,,
108,"ya kaltim si hasil alamnya besar
jadi okelah harus jaga marwah. 

tapi, lebih baik beli aspal apa beli mobil? 

atau 7M beli aspal 1 M mobil? 

gw warga indo si, ga ditinggal di kaltim. 

tpi gatau ah. serah duit warga ae lu mau kemanain diapain dll",ya kaltim si hasil alamnya besar jadi okelah harus jaga marwah tapi lebih baik beli aspal apa beli mobil atau m beli aspal m mobil gw warga indo si tidak ditinggal di kaltim tpi gatau ah serah duit warga ae lu mau kemanain diapain dll,,,,,
109,Orang Kaltim masih mau kepala daerah seperti ini?,orang kaltim masih mau kepala daerah seperti ini,,,,,
110,"harusnya yang di suruh minum air mendidih sama Ibu Tiri, bukan adik 12 tahun.

pejabat macam ini yang kudunya di suruh minum, biar ga ngantuk",harusnya yang di suruh minum air mendidih sama ibu tiri bukan adik tahun pejabat macam ini yang kudunya di suruh minum biar tidak ngantuk,,,,,
111,"Permennya konyol, ya bakalan diakalin sama pejabat moral jeblog",permennya konyol ya bakalan diakalin sama pejabat moral jeblog,,,,,
112,"klau bukan bgtu ya bukan pejabat negri tepuk tangan,yg gagah,validasi dll perihal ke dunguan sdh 1 paket",klau bukan bgtu ya bukan pejabat negri tepuk tangan yang gagah validasi dll perihal ke dunguan sdh paket,,,,,
113,Woooiiii....tapi bukan begitu carany dgn harga mahaaaal bro...jalan2 dikaltim pd rusak blm ada tu elu perbaiki sibuk lu beli mobil mewah dsr pemimpin brengsyeek lu,woooiiii tapi bukan begitu carany dengan harga mahaaaal bro jalan dikaltim pd rusak blm ada tu elu perbaiki sibuk lu beli mobil mewah dsr pemimpin brengsyeek lu,,,,,
114,Lah diluar negeri pejabat pake sepeda pak,lah diluar negeri pejabat pake sepeda pak,,,,,
115,"Kaltim kota minyak, seharusnya marwah mobil adalah mobil tanki.",kaltim kota minyak seharusnya marwah mobil adalah mobil tanki,,,,,
116,"Sukses memberikan fasilitas investasi 198 tahun di IKN sekarang mobil dinas.
Luar biasa masyarakat Kaltim terutama suku DAYAK yg DIAM",sukses memberikan fasilitas investasi tahun di ikn sekarang mobil dinas luar biasa masyarakat kaltim terutama suku dayak yang diam,,,,,
117,Lha kata sekda kl mobil seharga itu krna mau di pake ke pelosok-pelosok eh ga taunya hanya pakai di jakarta.,lha kata sekda kl mobil seharga itu krna mau di pake ke pelosok pelosok eh tidak taunya hanya pakai di jakarta,,,,,
118,Malu banget anjir punya gubernur begini,malu banget anjir punya gubernur begini,,,,,
119,"mereka ini yang bikin negara bangkrut, fasilitas elit, kerja sulit. normalisasi nepalkan pejabat korup di Indonesia.",mereka ini yang bikin negara bangkrut fasilitas elit kerja sulit normalisasi nepalkan pejabat korup di indonesia,,,,,
120,GEMBONG DINASTI POLITIK DARI KALIMANTAN...........PANTES AJA JUMAWA,gembong dinasti politik dari kalimantan pantes saja jumawa,,,,,
121,Gibah gak boleh bermewah2an pake uang rakyat boleh?,gibah tidak boleh bermewah an pake uang rakyat boleh,,,,,
122,"O ukuran Marwah ntu dari mobil  o o o wae woy , tau GK pak ntu UMAR BIN KHOTOB presiden Lo malah ntu ngetes daerah suatu wilayah yg naikin kudanya pembantunya Lo n beliaunya malah jalan kaki n boner respon nya dikira dia pembantu , utk ngukur wilayah ntu matre bukan, rakyatsusah",o ukuran marwah ntu dari mobil o o o wae woy tau tidak pak ntu umar bin khotob presiden lo malah ntu ngetes daerah suatu wilayah yang naikin kudanya pembantunya lo n beliaunya malah jalan kaki n boner respon nya dikira dia pembantu untuk ngukur wilayah ntu matre bukan rakyatsusah,,,,,
123,"Awalnya sih sok relegius jangan ghibah, tapi omongannya ngibul bawa² marwah kaltim segala. Lihat saja selesai jabatan mobilnya jadi milik pribadi dengan aneka akrobat",awalnya sih sok relegius jangan ghibah tapi omongannya ngibul bawa marwah kaltim segala lihat saja selesai jabatan mobilnya jadi milik pribadi dengan aneka akrobat,,,,,
124,"Kalau jalannya rusak ya upgrade dan perbagus jalannya bukan mobilnya yang di upgrade goblok 
@propkaltim",kalau jalannya rusak ya upgrade dan perbagus jalannya bukan mobilnya yang di upgrade goblok,,,,,
125,"Ibukota belum pindah, udah sibuk ganti mobil dinas. Bilangnya pakai mobil pribadi ga masalah...",ibukota belum pindah udah sibuk ganti mobil dinas bilangnya pakai mobil pribadi tidak masalah,,,,,
126,Ya Allah kasian rakyat kaltim dapat gubernur seperti ini,ya allah kasian rakyat kaltim dapat gubernur seperti ini,,,,,
127,"Mobil Kaltim tapi di jakarta..... 
Disimpen di jkt untuk Ani Ani ya pak..... Aneh aneh aja mahluk satu ini....",mobil kaltim tapi di jakarta disimpen di jkt untuk ani ani ya pak aneh aneh saja mahluk satu ini,,,,,
128,Si gubernur lah yang dosanya berlipat ganda akibat boong,si gubernur lah yang dosanya berlipat ganda akibat boong,,,,,
129,Pemerintah sekarang pada tolol,pemerintah sekarang pada tolol,,,,,
130,Wah ini sejak kapan Kaltim ibu kota negara,wah ini sejak kapan kaltim ibu kota negara,,,,,
131,Ini mah dah terkenal dikaltim.... gerombolan siberat hahahahaha,ini mah dah terkenal dikaltim gerombolan siberat hahahahaha,,,,,
132,Bnyk pejabat norak bin kampungan...punya kekuasaan dikit  maunya macem2..,bnyk pejabat norak bin kampungan punya kekuasaan dikit maunya macem,,,,,
133,"Kasihan rakyat kaltim, jalan pada rusak tapi gub nya.....",kasihan rakyat kaltim jalan pada rusak tapi gub nya,,,,,
134,Nunjukin Marwah itu dgn prestasi bukan mobil mewah,nunjukin marwah itu dengan prestasi bukan mobil mewah,,,,,
135,"banyak ruas jalan provinsi/nasional rusak parah akibat tanah lunak, banjir, ODOL truk, dan drainase buruk, seperti talisayan-tanjung redeb (15 km) dan sotek-bongan.
pemprov target rampung perbaikan 2026, gubernur bahkan terjebak lumpur di bongan-sotek januari 2026",banyak ruas jalan provinsi nasional rusak parah akibat tanah lunak banjir odol truk dan drainase buruk seperti talisayan tanjung redeb km dan sotek bongan pemprov target rampung perbaikan gubernur bahkan terjebak lumpur di bongan sotek januari,,,,,
136,Tidak boleh ngomongin gibah nanti dosanya melipat ganda kira-kira ngomongin sama tindakan yang korupsi atau menyalahgunakan wewenang itu apa bukan dosa apa mereka lupa kalau di neraka itu paling banyak adalah pejabat yang dimasukkan neraka,tidak boleh ngomongin gibah nanti dosanya melipat ganda kira kira ngomongin sama tindakan yang korupsi atau menyalahgunakan wewenang itu apa bukan dosa apa mereka lupa kalau di neraka itu paling banyak adalah pejabat yang dimasukkan neraka,,,,,
137,KDM Gubernur terbaik,kdm gubernur terbaik,,,,,
138,"Woiii gubernur kaltim, kenapa dana nya gak lo pake buat perbaikan insfrastruktur jalan disana??? Kampret lo ah,",woiii gubernur kaltim kenapa dana nya tidak lo pake buat perbaikan insfrastruktur jalan disana kampret lo ah,,,,,
139,Dabrus.... Padahal tamu dri luar negeri tdk tertarik dgn mobil dinas yg bagus.. orang luar lebih respect kinerja.,dabrus padahal tamu dri luar negeri tidak tertarik dengan mobil dinas yang bagus orang luar lebih respect kinerja,,,,,
140,selama masyarakat Kaltim diem aja g gerak ya apa yg mw diharepin. berarti dianggap wajar,selama masyarakat kaltim diem saja g gerak ya apa yang mw diharepin berarti dianggap wajar,,,,,
141,"Marwah sebagai pejabat adl pengabdian yg amanah bukan soal hrs gaya pny mobil mahal, baju keren dan duit banyak dr korup.. cuihhh",marwah sebagai pejabat adl pengabdian yang amanah bukan soal hrs gaya pny mobil mahal baju keren dan duit banyak dari korup cuihhh,,,,,
142,"Pejabat sekarang kok anjing bangaat semua ya, koruptif dan nir impati",pejabat sekarang kok anjing bangaat semua ya koruptif dan nir impati,,,,,
143,Orang goblok jadi gubernur,orang goblok jadi gubernur,,,,,
144,"Aku tuh heran kenapa pejabat indo nih gak punya malu semua ya, gak malu kah daerahnya dianggap tertinggal dianggap miskin dll perkara jalan rusak astaghfirullah:''",aku tuh heran kenapa pejabat indo nih tidak punya malu semua ya tidak malu kah daerahnya dianggap tertinggal dianggap miskin dll perkara jalan rusak astaghfirullah,,,,,
145,"Jadi kepala daerah Kaltim  tapi mobnas nya di Jakarta, jadi waktunya lebih banyak di Jkt gitu? 
Kasihan banget rakyat Kaltim...",jadi kepala daerah kaltim tapi mobnas nya di jakarta jadi waktunya lebih banyak di jkt gitu kasihan banget rakyat kaltim,,,,,
146,"Paus Fransiskus salah satu manusia paling berpengaruh di dunia aja pake mobilnya cuma Inova. Apakah kehilangan marwahnya?justru dunia kagum dengan kesederhanaan. Even Jokowi harus diakui waktu jadi kepala daerah, tampil sederhana. Kalau kehilangan marwah gamungkin jadi Presiden.",paus fransiskus salah satu manusia paling berpengaruh di dunia saja pake mobilnya cuma inova apakah kehilangan marwahnya justru dunia kagum dengan kesederhanaan even jokowi harus diakui waktu jadi kepala daerah tampil sederhana kalau kehilangan marwah gamungkin jadi presiden,,,,,
147,Ayo bayar pajak !!!! Demi marwah dan arwah pejabat agar tetap hidup dlm dlm tubuh yg 4 sehat 5 sempurna proposional ...HIDUP PRABOWO !!!...HIDUP PRABOWO!!!,ayo bayar pajak demi marwah dan arwah pejabat agar tetap hidup dlm dlm tubuh yang sehat sempurna proposional hidup prabowo hidup prabowo,,,,,
148,Malu juga dong jalan di Kalimantan Timur bolong2,malu juga dong jalan di kalimantan timur bolong,,,,,
149,Warga Kaltim nggak mau ngikutin warga jateng,warga kaltim tidak mau ngikutin warga jateng,,,,,
150,"sepakat dgn gubrenur ini.
kalo jokowi boleh dapet alphard, kenapa gubernur tidak ?",sepakat dengan gubrenur ini kalo jokowi boleh dapet alphard kenapa gubernur tidak,,,,,
151,"Pdahal mukanya kek ustadz2 gitu,,, ckck,, ini yg dulu bilang KDM gubernur konten kan ya?",pdahal mukanya kek ustadz gitu ckck ini yang dulu bilang kdm gubernur konten kan ya,,,,,
152,"Kalo ga salah dia yg bilang kdm sbg gubernur konten, lantas apa julukan yg pas buat bapak marwah ehh salah mksdnya bapak gu8ernur ini",kalo tidak salah dia yang bilang kdm sbg gubernur konten lantas apa julukan yang pas buat bapak marwah ehh salah mksdnya bapak gu ernur ini,,,,,
153,Gubernur bodoh kok bisa terpilih ya,gubernur bodoh kok bisa terpilih ya,,,,,
154,"Mobil dinas gubernur Kaltim, tapi mobil nya di Jakarta, dipakai di Jakarta.

Loe itu Gubernur Kaltim atau Jakarta?",mobil dinas gubernur kaltim tapi mobil nya di jakarta dipakai di jakarta loe itu gubernur kaltim atau jakarta,,,,,
155,"Goblog! Gubernur kok logika dasarnya aja gak jalan. Banyak gibahnya matamu. Lu pake duit rakyat buat beli fasilitas pribadi, padhal jalanan di daerahmu banyak yg rusak perlu diperbaiki. Yakin nih KPK gak mau ngecek?",goblog gubernur kok logika dasarnya saja tidak jalan banyak gibahnya matamu lu pake duit rakyat buat beli fasilitas pribadi padhal jalanan di daerahmu banyak yang rusak perlu diperbaiki yakin nih kpk tidak mau ngecek,,,,,
156,Jaga marwah itu gmn sih?? Blom pernah ada yg ngeledek gubernur dimanapun cuma gara2 mobil. Ngomong marwah tinggi2. .ga jelas jg,jaga marwah itu gmn sih blom pernah ada yang ngeledek gubernur dimanapun cuma gara mobil ngomong marwah tinggi tidak jelas jg,,,,,
157,"Gila juga kau harus betul harga 8,5 M emanglah para pejabat tak punya empati lihat masih byk rakyat kalian yg miskin....",gila juga kau harus betul harga m emanglah para pejabat tak punya empati lihat masih byk rakyat kalian yang miskin,,,,,
158,8.5 Miliar itu Bugatti Divo kah?,miliar itu bugatti divo kah,,,,,
159,Makanya jd gubernur,makanya jd gubernur,,,,,
160,"Emang bod** sih sejatinya, terlihat dari cara bicara dll. Hanya krn bagian dr kerajaan politik kaltim, jadilah dia penguasa",emang bod sih sejatinya terlihat dari cara bicara dll hanya karena bagian dari kerajaan politik kaltim jadilah dia penguasa,,,,,
161,"alangkah jauh lebih manusiawi duitnya buat benerin jalan, biar ga perlu beli mobil mahal utk kesana kan",alangkah jauh lebih manusiawi duitnya buat benerin jalan biar tidak perlu beli mobil mahal untuk kesana kan,,,,,
162,Dibakhirat rakyat indonesia bakal tertawa liat pejabatcnya di pecutin malaikat di nerka,dibakhirat rakyat indonesia bakal tertawa liat pejabatcnya di pecutin malaikat di nerka,,,,,
163,Menjaga marwah tu ya dengan memperbaiki infrastruktur bukan malah gaya2an pake mobil mewah...,menjaga marwah tu ya dengan memperbaiki infrastruktur bukan malah gaya an pake mobil mewah,,,,,
164,"Marwah promibadimu, bukan marwah kaltim.",marwah promibadimu bukan marwah kaltim,,,,,
165,Beli mobil F1 dia??,beli mobil f dia,,,,,
166,"noh liat kan sekarang ?? jgn kan pake mobil pribadi buat kepentingan rakyat, boro boro mau mensejahterakan rakyat. semua pejabat itu sama. tujuan nya cuma 1. tau kan",noh liat kan sekarang jgn kan pake mobil pribadi buat kepentingan rakyat boro boro mau mensejahterakan rakyat semua pejabat itu sama tujuan nya cuma tau kan,,,,,
167,Mobil 8m bisa banget lah bikin jalan bagus...,mobil m bisa banget lah bikin jalan bagus,,,,,
168,Bukan nya jalan yg di benerin malah beli mobil mewah mau gaya hedon atas nama rakyat pjbat gblok,bukan nya jalan yang di benerin malah beli mobil mewah mau gaya hedon atas nama rakyat pjbat gblok,,,,,
169,"Disuruh efisiensi taunya beli mobil mewah, program gratis pol akhirnya omon² aja",disuruh efisiensi taunya beli mobil mewah program gratis pol akhirnya omon saja,,,,,
170,Dinasti politik telek.,dinasti politik telek,,,,,
171,Eh ada menteri des yg mau nutup mini market karena ga kuat saingan.....sedangkan gubernurnya malah mau beli mobil mahal....,eh ada menteri des yang mau nutup mini market karena tidak kuat saingan sedangkan gubernurnya malah mau beli mobil mahal,,,,,
172,Muka tampolan ini gubernur peA,muka tampolan ini gubernur pea,,,,,
173,Kerja itu pakai otak bukan pakai mobil,kerja itu pakai otak bukan pakai mobil,,,,,
174,gada yg mo nyadewoin ni gubernur monyet,gada yang mo nyadewoin ni gubernur monyet,,,,,
175,"Kesempatan beli mobil mahal tapi ga pakai uang sendiri dong, ntar kalo sudah habis masa jabatan kan mobilnya dikasih",kesempatan beli mobil mahal tapi tidak pakai uang sendiri dong ntar kalo sudah habis masa jabatan kan mobilnya dikasih,,,,,
176,Maksudnya alakadarnya itu mobil apa ya? Land cruiser aja nggak sampai 8.5 M,maksudnya alakadarnya itu mobil apa ya land cruiser saja tidak sampai m,,,,,
177,"dinasti di kaltim, check it out",dinasti di kaltim check it out,,,,,
178,Menjaga marwah rakyat bukan menghina.... Masa  daerah banyak duit   Gub pakai mobil butut.,menjaga marwah rakyat bukan menghina masa daerah banyak duit gub pakai mobil butut,,,,,
179,mobil paan tuh 8.5 Milyar harganya? Lambo? Ferar? Bugat? Mclar? koq mahal banget .... ???,mobil paan tuh milyar harganya lambo ferar bugat mclar koq mahal banget,,,,,
180,"Ya kalo mau merakyat pake mobil pribadi aja dulu.jgn gengsi gitu gub.
Kalo tujuannya membangun masalah sepele gini bagi gubernur mah kecil.yg penting bangun tuh daerah mu gub yg katanya miniatur Indonesia gara-gara di situ ada IKN",ya kalo mau merakyat pake mobil pribadi saja dulu jgn gengsi gitu gub kalo tujuannya membangun masalah sepele gini bagi gubernur mah kecil yang penting bangun tuh daerah mu gub yang katanya miniatur indonesia gara gara di situ ada ikn,,,,,
181,"Harusnya pejabat ini gausah dikasi kendaraan dinas njir, dari tunjangannya aja udah bisa beli sendiri juga",harusnya pejabat ini gausah dikasi kendaraan dinas njir dari tunjangannya saja udah bisa beli sendiri juga,,,,,
182,Gubernur banyak gaya.,gubernur banyak gaya,,,,,
183,bisa menang di kaltim modelan gini?,bisa menang di kaltim modelan gini,,,,,
184,"Lah ga kompak ama bawahannya. 

Kemaren baca, ada penjelasan klo mobilnya mau dipake blusukan di kaltim yg medannya berat.
Skrg dibilang utk dipake di jakarta.

Mana yg bener nih?",lah tidak kompak ama bawahannya kemaren baca ada penjelasan klo mobilnya mau dipake blusukan di kaltim yang medannya berat skrg dibilang untuk dipake di jakarta mana yang bener nih,,,,,
185,"wah ga kompak ni gubernur sm sekda
kmrn alasannya untuk menghadapi kondisi jln yg rusak
lha ini bilang mobil u dinas di Jakarta 
woeee Jakarta jalanan mulus, angkot aja nyaman

duh aduh para pejabat semakin kesini semakin kesana jd nya",wah tidak kompak ni gubernur sama sekda kmrn alasannya untuk menghadapi kondisi jln yang rusak lha ini bilang mobil u dinas di jakarta woeee jakarta jalanan mulus angkot saja nyaman duh aduh para pejabat semakin kesini semakin kesana jd nya,,,,,
186,"Pakailah sesuatu sesuai dengan kemampuanmu,jika daerahmu Masih banyak berkekurangan jangan menampilkan kemewahan.
Pointnya apa ? GENGSI",pakailah sesuatu sesuai dengan kemampuanmu jika daerahmu masih banyak berkekurangan jangan menampilkan kemewahan pointnya apa gengsi,,,,,
187,Lha ini malah dapat gubernur ala kadarnya,lha ini malah dapat gubernur ala kadarnya,,,,,
188,Yaudah pakai mobil pribadi ajaa,yaudah pakai mobil pribadi ajaa,,,,,
189,pejabat konoha sukak gitu,pejabat konoha sukak gitu,,,,,
190,32 tahun nih partai pakar soal maen anggaran,tahun nih partai pakar soal maen anggaran,,,,,
191,"RAPBD dievaluasi Mendagri.
Pengadaan mobil dinas ada standar biayanya dari Menkeu.
Kalau lolos, apa guna evaluasi dan standar..?
Dasar #RepvblikAutopilot",rapbd dievaluasi mendagri pengadaan mobil dinas ada standar biayanya dari menkeu kalau lolos apa guna evaluasi dan standar dasar repvblikautopilot,,,,,
192,"Asal lu tau bang provinsi kaltim dikuasai keluarga mas'ud alias Dinasti politik
Gubernur, walikota balikpapan, keluar DPRD
Istri dia nih anggota DPR juga",asal lu tau bang provinsi kaltim dikuasai keluarga mas ud alias dinasti politik gubernur walikota balikpapan keluar dprd istri dia nih anggota dpr juga,,,,,
193,"Kl gaada mobil, naik anjing aja pak.",kl gaada mobil naik anjing saja pak,,,,,
194,"@grok
 dari data sejauh mana masyarakat kaltim sejahtera dengan kepimpinan yang sekarang?",dari data sejauh mana masyarakat kaltim sejahtera dengan kepimpinan yang sekarang,,,,,
195,"Untung gk ikut milih kmaren, soalnya sekeluarga pejabat semua",untung tidak ikut milih kmaren soalnya sekeluarga pejabat semua,,,,,
196,"Kdm atuh naek mon
Mobil naon g bebas",kdm atuh naek mon mobil naon g bebas,,,,,
197,kenapa ga jalanannya aja yang dibetulkan? biar mobil apa aja bisa terabas?,kenapa tidak jalanannya saja yang dibetulkan biar mobil apa saja bisa terabas,,,,,
198,"Kalo dia mau jaga marwah dirinya yang kaya raya itu : mobilnya jadiin mobil pribadi dan serahkan uang Rp. 8,5 M kas daerahnya, nggantiin apbd yg dipake buat beli mobil itu yg dilakukan demi marwah dia... mau?",kalo dia mau jaga marwah dirinya yang kaya raya itu mobilnya jadiin mobil pribadi dan serahkan uang rp m kas daerahnya nggantiin apbd yang dipake buat beli mobil itu yang dilakukan demi marwah dia mau,,,,,
199,"Hidup NETIZEN.
Kagak Viral...kagak juga bakal Nyadar.
Kita gaungkan untuk memVIRALkan semua lebobrokan kebijakan dan kelakuan Pejabat, biar mereka sadar, RAKYAT adalah Penguasa Sesungguhnya",hidup netizen kagak viral kagak juga bakal nyadar kita gaungkan untuk memviralkan semua lebobrokan kebijakan dan kelakuan pejabat biar mereka sadar rakyat adalah penguasa sesungguhnya,,,,,
200,"Dikembalikannya ke mana ???
Tetap saja sudah ada pengeluaran dari APBD untuk pembelian mobil, terus di catat sebagai apa ???
Di jual seken atau bijimane nih.
Cuma satu yang salut.  Power of Sosmed, emang kejam buat dia.",dikembalikannya ke mana tetap saja sudah ada pengeluaran dari apbd untuk pembelian mobil terus di catat sebagai apa di jual seken atau bijimane nih cuma satu yang salut power of sosmed emang kejam buat dia,,,,,
201,"Jangan mobilnya dong yg dibalikin, tapi uangnya. Negara rugi brp itu beli mobil seharga itu? Dijual lagi juga nilainya udah turun banyak pak.",jangan mobilnya dong yang dibalikin tapi uangnya negara rugi brp itu beli mobil seharga itu dijual lagi juga nilainya udah turun banyak pak,,,,,
202,Ga boleh hanya dikembalikan dalam bentuk mobil. Harusnya di jual dan uangnya baru dikembalikan. Klo dlm bentuk mobil ujung2 klo orang2 dah lupa dipakai lagi.,tidak boleh hanya dikembalikan dalam bentuk mobil harusnya di jual dan uangnya baru dikembalikan klo dlm bentuk mobil ujung klo orang dah lupa dipakai lagi,,,,,
203,Setidaknya anggaran bisa untuk keperluan rakyat,setidaknya anggaran bisa untuk keperluan rakyat,,,,,
204,Terimakasih pak gubernur setidaknya kritik dan aspirasi masyarakat tersampaikan dan diterima,terimakasih pak gubernur setidaknya kritik dan aspirasi masyarakat tersampaikan dan diterima,,,,,
205,Gimana kalo gubernurnya sekalian dikembalikan. Eh?,gimana kalo gubernurnya sekalian dikembalikan eh,,,,,
206,"Terus mau diapakan kalau sudah dibeli? Kenapa tidak dipertimbangkan dengan matang Pak? Masih banyak rakyat Bapak yang perlu bantuan, jalan rusak perlu diperbaiki dan fasilitas sekolah dan kesehatan perlu dibangun tetapi uang negara hanya dihambur-hamburkan untuk hal-hal spt ini!",terus mau diapakan kalau sudah dibeli kenapa tidak dipertimbangkan dengan matang pak masih banyak rakyat bapak yang perlu bantuan jalan rusak perlu diperbaiki dan fasilitas sekolah dan kesehatan perlu dibangun tetapi uang negara hanya dihambur hamburkan untuk hal hal spt ini,,,,,
207,"Semoga jadi pelajaran, yang belum dikembalikan ini DPRD Kaltim",semoga jadi pelajaran yang belum dikembalikan ini dprd kaltim,,,,,
208,Resiko jadi pejabat publik,resiko jadi pejabat publik,,,,,
209,Perlu di audit itu uang buat beli mobil  senilai 8 miliar drmn??,perlu di audit itu uang buat beli mobil senilai miliar drmn,,,,,
210,"Langkah ini tidak akan mengurangi antipati publik Kaltim terhadap Gubernur, ibarat papan yg ditancapkan paku walaupun pakunya dicabut tetap meninggalkan bekas lubang.",langkah ini tidak akan mengurangi antipati publik kaltim terhadap gubernur ibarat papan yang ditancapkan paku walaupun pakunya dicabut tetap meninggalkan bekas lubang,,,,,
211,Terlanjur di beli...suruh gubernur korup ini ganti uangnya,terlanjur di beli suruh gubernur korup ini ganti uangnya,,,,,
212,Mahal Range Rover tipenya gubernur Bang,mahal range rover tipenya gubernur bang,,,,,
213,"Dikembalikan ke mana? Emang bisa? Apa dikembalikan ke pemyedianya jadi duit balik. Tapi penyedia nya dijanjikan proyek yg untungnya lebih dari 8,5 M. Kalau nggak ya rugi besar? Pemda sih seenak enaknya Adain pengadaan barang tapi nggak.mikir dulu. Usut itu usulan dari mana.",dikembalikan ke mana emang bisa apa dikembalikan ke pemyedianya jadi duit balik tapi penyedia nya dijanjikan proyek yang untungnya lebih dari m kalau tidak ya rugi besar pemda sih seenak enaknya adain pengadaan barang tapi tidak mikir dulu usut itu usulan dari mana,,,,,
214,"Emang bisa ya udah dibeli, dipakai, lalu dibalikin? Potongannya berapa milyar tuh? Bisa2 dapet pajero 2",emang bisa ya udah dibeli dipakai lalu dibalikin potongannya berapa milyar tuh bisa dapet pajero,,,,,
215,Dikembalikan ke vendor pengadaan Bang,dikembalikan ke vendor pengadaan bang,,,,,
216,Dinasti politik nya diulik netizen gemetar juga dia.,dinasti politik nya diulik netizen gemetar juga dia,,,,,
217,Uang kas ya pak...bukan mobil.  Terserah gimana caranya,uang kas ya pak bukan mobil terserah gimana caranya,,,,,
218,"Mobil dikembalikan, vendor setor uangnya ke kas",mobil dikembalikan vendor setor uangnya ke kas,,,,,
219,"Ngga tau malu, bermewah-mewahan pakai apbd",ngga tau malu bermewah mewahan pakai apbd,,,,,
220,"Harusnya kita itu ada UU yg mengatur tipe mobil Dinas pejabat. 
- Harus buatan dalam negeri dg nilai TKDN minimal 90%
- 5 atau 7 seater
- Cc maksimal 1500 cc
- Harga OTR maksimal 400 jt",harusnya kita itu ada uu yang mengatur tipe mobil dinas pejabat harus buatan dalam negeri dg nilai tkdn minimal atau seater cc maksimal cc harga otr maksimal jt,,,,,
221,Di kembalikan? Maksudnya kembalilkan ke Dealer mobil nya? Bisa ya? Berapa M potongannya. Krn kan itu sdh jadi mobil bekas.,di kembalikan maksudnya kembalilkan ke dealer mobil nya bisa ya berapa m potongannya karena kan itu sdh jadi mobil bekas,,,,,
222,"Butuh ribut dulu, baru sadar kalo kebijakannya salah, hadeuhhh, perlu viral dan di kuliti netizen dulu",butuh ribut dulu baru sadar kalo kebijakannya salah hadeuhhh perlu viral dan di kuliti netizen dulu,,,,,
223,"Kembalikan aja pak, ganti yang mewahan dikit..
Masa sekelas gubernur pake mobil kayak gitu..
Nggak ada wibawanya..",kembalikan saja pak ganti yang mewahan dikit masa sekelas gubernur pake mobil kayak gitu tidak ada wibawanya,,,,,
224,"Setelah viral baru sadar, emang para pejabat dinegeri ini sudah tdk punya hati",setelah viral baru sadar emang para pejabat dinegeri ini sudah tidak punya hati,,,,,
225,"Habis di rujak.tahu malu seklinya
@GUBERNURKALTIM
 @pemprovkaltim
 ....makhny jgan pembualan...beli mobil pake uang pribdi,bukn pke uang anggaran...

Alakadarnya",habis di rujak tahu malu seklinya makhny jgan pembualan beli mobil pake uang pribdi bukn pke uang anggaran alakadarnya,,,,,
226,Pak Gubernur tolong sediakan lapangan kerja buat masyarakat sipil bukan beli mobil baruuuu,pak gubernur tolong sediakan lapangan kerja buat masyarakat sipil bukan beli mobil baruuuu,,,,,
227,"Dia pikir gampang apa balikin mobil ke dealer. KM nambah, faktur dan BPKB sdh di kerjakan, otomatis jadi mobil seken.",dia pikir gampang apa balikin mobil ke dealer km nambah faktur dan bpkb sdh di kerjakan otomatis jadi mobil seken,,,,,
228,"Wooow ngeri y mobil dinas lebihbmahal dr rumah kita harganya baaah, ngak agak² ini orang, elo kira warga punya uang dr hasil korupsi ya",wooow ngeri y mobil dinas lebihbmahal dari rumah kita harganya baaah ngak agak ini orang elo kira warga punya uang dari hasil korupsi ya,,,,,
229,Gubernur kampang ....,gubernur kampang,,,,,
230,Itu mobilnya dikembalikan kedealernya ???,itu mobilnya dikembalikan kedealernya,,,,,
231,"Semudah itukah batalin pembelian mobil ke dealer/penjual.... 
Jangan-jangan diam-diam nanti udah digarasi rumahnya...
#tanyadengansuaralirih",semudah itukah batalin pembelian mobil ke dealer penjual jangan jangan diam diam nanti udah digarasi rumahnya tanyadengansuaralirih,,,,,
232,Uangnya dikembalikan bukan mobilnya,uangnya dikembalikan bukan mobilnya,,,,,
233,"Kalo dijual lagi, apa akan kembali uang senilai 8,49 miliar nya.?.",kalo dijual lagi apa akan kembali uang senilai miliar nya,,,,,
234,"Bisa gak sih kalian wahai pr pjbat,tahan diri utk trlihat mewah,rkyt masih pd kelaparan...",bisa tidak sih kalian wahai pr pjbat tahan diri untuk trlihat mewah rkyt masih pd kelaparan,,,,,
235,minimal di lengserkan pejabat serakah seperti ini,minimal di lengserkan pejabat serakah seperti ini,,,,,
236,"Gimana dengan marwah kaltim,masa iya sekelas gubernur mau naik esemka",gimana dengan marwah kaltim masa iya sekelas gubernur mau naik esemka,,,,,
237,"Gara2 itu mobil kehidupan dia terekspos media nasional, takut diburu KPK wkwk sampe politik dinasti pun di ulik, kalau dah gini kan bisa berabe wkwk",gara itu mobil kehidupan dia terekspos media nasional takut diburu kpk wkwk sampe politik dinasti pun di ulik kalau dah gini kan bisa berabe wkwk,,,,,
238,"Barang sudah dibeli, karena kritikan akhirnya nggak mau pake.... Pantek nih gubernur!!!",barang sudah dibeli karena kritikan akhirnya tidak mau pake pantek nih gubernur,,,,,
239,Selisih harga penyusutan siapa yg bayar ? Pejabat bloon yg akan ditanya perhitungannya.,selisih harga penyusutan siapa yang bayar pejabat bloon yang akan ditanya perhitungannya,,,,,
240,Pasti harapannya setelah berhenti jadi gubernur...mobil jadi milik pribadi,pasti harapannya setelah berhenti jadi gubernur mobil jadi milik pribadi,,,,,
241,"Yang sudah2 sih, hanya penundaan, 6-7 bulan kedepan ketika netizen sudah lupa, tahu2 mobilnya sudah di garasi.

Bagaimana mungkin pejabat2 disana mau menjaga marwah kalau mobilnya saja harganya kurang dati 8,5M ??",yang sudah sih hanya penundaan bulan kedepan ketika netizen sudah lupa tahu mobilnya sudah di garasi bagaimana mungkin pejabat disana mau menjaga marwah kalau mobilnya saja harganya kurang dati m,,,,,
242,Kalau mobil sdh dibeli apa boleh dikembalikan ?,kalau mobil sdh dibeli apa boleh dikembalikan,,,,,
243,"mobil dinas harga milyaran? hebat tuh, lanjutkan saja bos",mobil dinas harga milyaran hebat tuh lanjutkan saja bos,,,,,
244,"Kembalikan?

Memangnya beli mobil pakai uang siapa?
Pemda?
Toke sawit?
Penambang ilegal ?
@InfoSamarinda
 
@txtsamarinda
 
@kaltim_post
 
@tribunkaltim
 
@info_balikpapan
 

@KejaksaanRI
 
@KPK_RI",kembalikan memangnya beli mobil pakai uang siapa pemda toke sawit penambang ilegal,,,,,
245,Mobil dikembalikan...harga turun jauh....,mobil dikembalikan harga turun jauh,,,,,
246,"Trus itu mobil setelah dikembalikan  bisa  jadi  uang lagi ?

Mubazir  dong

Selain itu hati hati loh marwah akan terganggu",trus itu mobil setelah dikembalikan bisa jadi uang lagi mubazir dong selain itu hati hati loh marwah akan terganggu,,,,,
247,"Kalo pun benar, ujung2 nya pemborosan jg...?!",kalo pun benar ujung nya pemborosan jg,,,,,
248,The other dinasti,the other dinasti,,,,,
249,"Lah sudah jadi barang mau dikembalikan harus dia tebus seharga mobil tsb dgn uang pribadinya dan uangnya kembali masuk ke kas daerah biar bisa digunakan untuk keperluan rakyat Kaltim, contohlah Pak KDM gubernur Jabar dalam transparansi anggaran dan fungsi pengawasan langsung",lah sudah jadi barang mau dikembalikan harus dia tebus seharga mobil tsb dengan uang pribadinya dan uangnya kembali masuk ke kas daerah biar bisa digunakan untuk keperluan rakyat kaltim contohlah pak kdm gubernur jabar dalam transparansi anggaran dan fungsi pengawasan langsung,,,,,
250,Dah dikritik baru mikir....kemarin kemana aja ?? Kalau pemimpin yg peduli rakyat mah gak bakal tega pakai mobil mewah sementara rakyatnya banyak yg jalan kaki keliling  kampung hanya untuk sesuap Nasi. Lagian sama sama sama mobil untuk pejabat kijang Inova saya rasa cukuplah.,dah dikritik baru mikir kemarin kemana saja kalau pemimpin yang peduli rakyat mah tidak bakal tega pakai mobil mewah sementara rakyatnya banyak yang jalan kaki keliling kampung hanya untuk sesuap nasi lagian sama sama sama mobil untuk pejabat kijang inova saya rasa cukuplah,,,,,
