eval_loss,eval_accuracy,eval_precision,eval_recall,eval_f1,eval_runtime,eval_samples_per_second,eval_steps_per_second,epoch,fold
0.8724319338798523,0.775,0.7910511363636363,0.775,0.7748358951293284,6.7881,11.785,1.473,7.0,1
0.9068032503128052,0.825,0.827801724137931,0.825,0.8104166666666666,4.1704,19.183,2.398,7.0,2
1.0059242248535156,0.775,0.7915384615384615,0.775,0.7677569169960474,4.3308,18.472,2.309,7.0,3
0.9730623364448547,0.775,0.748125,0.775,0.7581467661691542,9.9503,8.04,1.005,7.0,4
0.9109035730361938,0.7875,0.7655844155844156,0.7875,0.772772473693759,3.4364,23.28,2.91,7.0,5
0.933560848236084,0.825,0.8138290229885058,0.825,0.7984328579916815,6.9671,11.482,1.435,7.0,6
1.4740192890167236,0.725,0.712907852796291,0.725,0.7094328703703704,6.4123,12.476,1.559,7.0,7
0.8768048286437988,0.7875,0.749375,0.7875,0.7654205744296281,6.1297,13.051,1.631,7.0,8
1.0133793354034424,0.7875,0.7680600649350648,0.7875,0.7703125,3.2556,24.573,3.072,7.0,9
0.9989339113235474,0.7,0.6676004088504088,0.7,0.6810776233570351,2.9474,27.143,3.393,7.0,10
