fold,label_id,label,n_train,n_val
1,0,transparansi_positif,5,1
1,1,transparansi_negatif,62,7
1,2,akuntabilitas_positif,52,6
1,3,akuntabilitas_negatif,274,31
1,4,efektivitas_efisiensi_positif,11,1
1,5,efektivitas_efisiensi_negatif,226,25
1,6,responsivitas_positif,7,0
1,7,responsivitas_negatif,83,9
2,0,transparansi_positif,6,0
2,1,transparansi_negatif,62,7
2,2,akuntabilitas_positif,52,6
2,3,akuntabilitas_negatif,274,31
2,4,efektivitas_efisiensi_positif,11,1
2,5,efektivitas_efisiensi_negatif,226,25
2,6,responsivitas_positif,7,0
2,7,responsivitas_negatif,82,10
3,0,transparansi_positif,6,0
3,1,transparansi_negatif,63,6
3,2,akuntabilitas_positif,52,6
3,3,akuntabilitas_negatif,274,31
3,4,efektivitas_efisiensi_positif,11,1
3,5,efektivitas_efisiensi_negatif,225,26
3,6,responsivitas_positif,7,0
3,7,responsivitas_negatif,82,10
4,0,transparansi_positif,6,0
4,1,transparansi_negatif,62,7
4,2,akuntabilitas_positif,53,5
4,3,akuntabilitas_negatif,274,31
4,4,efektivitas_efisiensi_positif,10,2
4,5,efektivitas_efisiensi_negatif,226,25
4,6,responsivitas_positif,6,1
4,7,responsivitas_negatif,83,9
5,0,transparansi_positif,6,0
5,1,transparansi_negatif,62,7
5,2,akuntabilitas_positif,53,5
5,3,akuntabilitas_negatif,274,31
5,4,efektivitas_efisiensi_positif,10,2
5,5,efektivitas_efisiensi_negatif,226,25
5,6,responsivitas_positif,6,1
5,7,responsivitas_negatif,83,9
6,0,transparansi_positif,5,1
6,1,transparansi_negatif,62,7
6,2,akuntabilitas_positif,52,6
6,3,akuntabilitas_negatif,275,30
6,4,efektivitas_efisiensi_positif,11,1
6,5,efektivitas_efisiensi_negatif,226,25
6,6,responsivitas_positif,6,1
6,7,responsivitas_negatif,83,9
7,0,transparansi_positif,5,1
7,1,transparansi_negatif,62,7
7,2,akuntabilitas_positif,52,6
7,3,akuntabilitas_negatif,275,30
7,4,efektivitas_efisiensi_positif,11,1
7,5,efektivitas_efisiensi_negatif,226,25
7,6,responsivitas_positif,6,1
7,7,responsivitas_negatif,83,9
8,0,transparansi_positif,5,1
8,1,transparansi_negatif,62,7
8,2,akuntabilitas_positif,52,6
8,3,akuntabilitas_negatif,275,30
8,4,efektivitas_efisiensi_positif,11,1
8,5,efektivitas_efisiensi_negatif,226,25
8,6,responsivitas_positif,6,1
8,7,responsivitas_negatif,83,9
9,0,transparansi_positif,5,1
9,1,transparansi_negatif,62,7
9,2,akuntabilitas_positif,52,6
9,3,akuntabilitas_negatif,275,30
9,4,efektivitas_efisiensi_positif,11,1
9,5,efektivitas_efisiensi_negatif,226,25
9,6,responsivitas_positif,6,1
9,7,responsivitas_negatif,83,9
10,0,transparansi_positif,5,1
10,1,transparansi_negatif,62,7
10,2,akuntabilitas_positif,52,6
10,3,akuntabilitas_negatif,275,30
10,4,efektivitas_efisiensi_positif,11,1
10,5,efektivitas_efisiensi_negatif,226,25
10,6,responsivitas_positif,6,1
10,7,responsivitas_negatif,83,9
