aspek,komentar,aspek_prediksi,sentimen_prediksi
Akuntabilitas,di desa saya juga ada yg sekeluarga mulai dari kades sekdes bendahara rt bpd kaur dusun 4 12,Akuntabilitas,Negatif
Akuntabilitas,gua malah lihat jpg di belakang nya 3 25,Akuntabilitas,Negatif
Akuntabilitas,klo pake triton buat istrinya gk masuk bang istri pak gubernurnya kan orang eropa bang 3 5,Akuntabilitas,Negatif
Akuntabilitas,ini kpk enggak curiga apa 3 9,Akuntabilitas,Negatif
Akuntabilitas,emang kpk berani menyelidiki masalah ini oh tidak 3 4,Akuntabilitas,Negatif
Akuntabilitas,serakah 3 16,Akuntabilitas,Negatif
Akuntabilitas,gubernur tertaik di indonesia 4 8,Akuntabilitas,Negatif
Akuntabilitas,alasan saja lembali padahal tetap dipakai kpk periksa guburnur kkn itu 3 4,Akuntabilitas,Negatif
Efektivitas dan Efisiensi,betol pak terlalu mewah mobil nya 2 28,Efektivitas dan Efisiensi,Negatif
Efektivitas dan Efisiensi,jalanan aja yang di perbaiki masih ada kembalian 3 26,Efektivitas dan Efisiensi,Negatif
Efektivitas dan Efisiensi,bukan kau saja gubenur lihatlah mobil dinas gubenur lain 3 27,Efektivitas dan Efisiensi,Negatif
Efektivitas dan Efisiensi,cukup 1 priode z ya 3 4,Efektivitas dan Efisiensi,Negatif
Efektivitas dan Efisiensi,ya allah 8 5 m tk gawe tuku omah 2 m wes apik 4 23,Efektivitas dan Efisiensi,Negatif
Efektivitas dan Efisiensi,waduhhh ngabisin agaran 3 3,Efektivitas dan Efisiensi,Negatif
Efektivitas dan Efisiensi,500 nya beli triton 8 nya benerin jalan tuh jalan 3 10,Efektivitas dan Efisiensi,Negatif
Efektivitas dan Efisiensi,jalan tuh benerin dulu harus nya biar sesuai sama mobil 3 1,Efektivitas dan Efisiensi,Negatif
Responsivitas,cuma ditegur 3 21,Responsivitas,Negatif
Responsivitas,tv nasional mana 4 23,Responsivitas,Negatif
Responsivitas,lebih heran lagi masyarakat dan mahasiswa disana pada diam ga ada yg bersuara 2 27,Responsivitas,Negatif
Responsivitas,serius ini ga di edit 3 6,Responsivitas,Negatif
Responsivitas,curhat mulu ini presiden byk ngomong drpd tindakan 3 20,Responsivitas,Negatif
Responsivitas,baru aja liat prabowo bilang mobil 8 5m 3 26,Responsivitas,Negatif
Responsivitas,ko mendagri diam saja 3 4,Responsivitas,Negatif
Responsivitas,mana akun gubernur kaltim ges coba d tag 3 26,Responsivitas,Negatif
Transparansi,untuk apa mobil di beli kalo di beli tetap sama gak ada yg berubah tetap sama yg berubah gurbenur yg menjadi jadi 5 11,Transparansi,Negatif
Transparansi,tombol reset kaltim 3 7,Transparansi,Negatif
Transparansi,anjay maung lagi naik produksi di pabrik gua bikin partnya seminggu 2x kirim ke bandung 3 21,Transparansi,Negatif
Transparansi,masa iya dealer mau di kembalikan gitu saja mobil semua org pasti tau itu gk mungkin di kembalikan 4 17,Transparansi,Negatif
Transparansi,jangan jangn tertipu kita kelihatan di kembalikan padahal ndak bisa di balikin jadi di taruh di jakarta krn mungkin ada yg jangal jd tdk bisa di kembalikan 3 4,Transparansi,Negatif
Transparansi,mobil dilembalikan lemana uangnya mana 5 24,Transparansi,Negatif
Transparansi,stiker mana ni jir mobilnya udah keliling belum 4 28,Transparansi,Negatif
Transparansi,jpg di belakang 3 25,Transparansi,Negatif
